-- phpMyAdmin SQL Dump
-- version 4.8.4
-- https://www.phpmyadmin.net/
--
-- Hôte : 127.0.0.1:3306
-- Généré le :  jeu. 18 avr. 2019 à 14:15
-- Version du serveur :  5.7.24
-- Version de PHP :  7.2.14

SET SQL_MODE = "NO_AUTO_VALUE_ON_ZERO";
SET AUTOCOMMIT = 0;
START TRANSACTION;
SET time_zone = "+00:00";


/*!40101 SET @OLD_CHARACTER_SET_CLIENT=@@CHARACTER_SET_CLIENT */;
/*!40101 SET @OLD_CHARACTER_SET_RESULTS=@@CHARACTER_SET_RESULTS */;
/*!40101 SET @OLD_COLLATION_CONNECTION=@@COLLATION_CONNECTION */;
/*!40101 SET NAMES utf8mb4 */;

--
-- Base de données :  `ffbsq3`
--
CREATE DATABASE IF NOT EXISTS `ffbsq3` DEFAULT CHARACTER SET latin1 COLLATE latin1_swedish_ci;
USE `ffbsq3`;

DELIMITER $$
--
-- Procédures
--
DROP PROCEDURE IF EXISTS `ajouterClub`$$
CREATE DEFINER=`root`@`localhost` PROCEDURE `ajouterClub` (`designation_Club` VARCHAR(255), `adrRueSiege_Club` VARCHAR(255), `adrVilleSiege_Club` VARCHAR(255), `adrCPSiege_Club` INT, `anneeAffiliation_Club` INT, `tel_Club` VARCHAR(255), `email_Club` VARCHAR(255), `adrRueCourrier_Club` VARCHAR(255), `adrVilleCourrier_Club` VARCHAR(255), `adrCPCourrier_Club` VARCHAR(255), `numPrefecture_Club` VARCHAR(255))  BEGIN
    INSERT INTO club(designation_Club,adrRueSiege_Club,adrVilleSiege_Club,adrCPSiege_Club,anneeAffiliation_Club,tel_Club,email_Club,adrRueCourrier_Club,adrVilleCourrier_Club,adrCPCourrier_Club,numPrefecture_Club) 
    VALUES (designation_Club,adrRueSiege_Club,adrVilleSiege_Club,adrCPSiege_Club,anneeAffiliation_Club,tel_Club,email_Club,adrRueCourrier_Club,adrVilleCourrier_Club,adrCPCourrier_Club,numPrefecture_Club);
END$$

DROP PROCEDURE IF EXISTS `ajouterConcours`$$
CREATE DEFINER=`root`@`localhost` PROCEDURE `ajouterConcours` (IN `dateDB` DATE, IN `categorie` INT, IN `pnature` VARCHAR(50), IN `sexe` VARCHAR(50))  BEGIN
	INSERT INTO concours (date_concours, Categorie, nature, sexe)
    VALUES (dateDB,categorie,pnature,sexe);
END$$

DROP PROCEDURE IF EXISTS `ajouterEquipe`$$
CREATE DEFINER=`root`@`localhost` PROCEDURE `ajouterEquipe` (IN `pNom` VARCHAR(255), IN `pIdConcours` INT)  NO SQL
BEGIN
	INSERT INTO equipe (nom, IdConcours)
    VALUES (pNom,pIdConcours);
END$$

DROP PROCEDURE IF EXISTS `ajouterJoueurEquipe`$$
CREATE DEFINER=`root`@`localhost` PROCEDURE `ajouterJoueurEquipe` (IN `pId_equipe` INT, IN `pNumLicencie` INT)  NO SQL
BEGIN
	INSERT INTO joueursequipe (id_equipe, numLicencie)
    VALUES (pId_equipe,pNumLicencie);
END$$

DROP PROCEDURE IF EXISTS `ajouterLicence`$$
CREATE DEFINER=`root`@`localhost` PROCEDURE `ajouterLicence` (`nomlicencie` VARCHAR(50), `prenomlicencie` VARCHAR(50), `datedenaissance` DATE, `sexelicencie` VARCHAR(50), `categorielicencie` INT, `positionlicencie` VARCHAR(50), `adr_licencie` VARCHAR(255), `adr_cp_licencie` VARCHAR(5), `adr_ville_licencie` VARCHAR(255), `tel_licencie` VARCHAR(255), `mail_licencie` VARCHAR(255), `nationnalite_licencie` VARCHAR(255), `classification_licencie` VARCHAR(255), `validite_CM` DATE, `premiere_licence` INT, `annee_reprise` INT, `id_ClubLicencie` INT, `validation` INT, `photolicencie` VARCHAR(255))  BEGIN
    INSERT INTO licencie(nomlicencie,prenomlicencie,datedenaissance,sexelicencie,categorielicencie,positionlicencie,adr_licencie,adr_cp_licencie,adr_ville_licencie,tel_licencie,mail_licencie,nationnalite_licencie,classification_licencie,validite_CM,premiere_licence,annee_reprise,id_ClubLicencie,validation,photolicencie) VALUES(nomlicencie,prenomlicencie,datedenaissance,sexelicencie,categorielicencie,positionlicencie,adr_licencie,adr_cp_licencie,adr_ville_licencie,tel_licencie,mail_licencie,nationnalite_licencie,classification_licencie,validite_CM,premiere_licence,annee_reprise,id_ClubLicencie,validation,photolicencie);
END$$

DROP PROCEDURE IF EXISTS `ajouterMatch`$$
CREATE DEFINER=`root`@`localhost` PROCEDURE `ajouterMatch` (IN `pIdConcours` INT, IN `pIdEquipe1` INT, IN `pIdEquipe2` INT, IN `pTour` INT)  NO SQL
BEGIN
	INSERT INTO matchconcours (IdConcours, IdEquipe1, IdEquipe2, tour)
    VALUES (pIdConcours, pIdEquipe1, pIdEquipe2, pTour);
END$$

DROP PROCEDURE IF EXISTS `ajouterMatchBlanc`$$
CREATE DEFINER=`root`@`localhost` PROCEDURE `ajouterMatchBlanc` (IN `pIdConcours` INT, IN `pIdEquipe1` INT, IN `pIdEquipe2` INT, IN `pTour` INT, IN `pEquipe` INT)  NO SQL
BEGIN
	INSERT INTO matchconcours (IdConcours, IdEquipe1, IdEquipe2, tour, equipeGagnante, equipePerdante)
    VALUES (pIdConcours,pIdEquipe1,pIdEquipe2, pTour, pEquipe, pEquipe);
END$$

DROP PROCEDURE IF EXISTS `getAllEquipeByConcoursID`$$
CREATE DEFINER=`root`@`localhost` PROCEDURE `getAllEquipeByConcoursID` (IN `pId_Concours` INT)  NO SQL
BEGIN
	SELECT id_equipe,nom,IdConcours FROM equipe WHERE IdConcours = pId_Concours;
END$$

DROP PROCEDURE IF EXISTS `getAllEquipeGagnanteLastTour`$$
CREATE DEFINER=`root`@`localhost` PROCEDURE `getAllEquipeGagnanteLastTour` (IN `pTourNum` INT, IN `pConcoursNum` INT)  NO SQL
BEGIN
SELECT equipeGagnante FROM matchconcours WHERE tour = pTourNum AND IdConcours = pConcoursNum;
END$$

DROP PROCEDURE IF EXISTS `getAllJoueur`$$
CREATE DEFINER=`root`@`localhost` PROCEDURE `getAllJoueur` ()  BEGIN
	SELECT numlicencie, prenomlicencie, nomlicencie, designation_Club, sexelicencie, c.libelle, id_ClubLicencie FROM licencie INNER JOIN club ON licencie.id_ClubLicencie = club.numAffiliation_Club INNER JOIN categorie as c on c.id = licencie.categorielicencie;
END$$

DROP PROCEDURE IF EXISTS `getAllJoueursInEquipe`$$
CREATE DEFINER=`root`@`localhost` PROCEDURE `getAllJoueursInEquipe` (IN `pId_Equipe` INT)  NO SQL
BEGIN
	SELECT licencie.numlicencie, prenomlicencie, nomlicencie, 	designation_Club, sexelicencie, c.libelle, id_ClubLicencie FROM club INNER JOIN licencie ON licencie.id_ClubLicencie = club.numAffiliation_Club INNER JOIN categorie as c on c.id = licencie.categorielicencie INNER JOIN joueursequipe as je on je.numLicencie = licencie.numlicencie WHERE je.id_equipe = pId_Equipe;
END$$

DROP PROCEDURE IF EXISTS `getAllMatchOfConcours`$$
CREATE DEFINER=`root`@`localhost` PROCEDURE `getAllMatchOfConcours` (IN `pId_Concours` INT)  NO SQL
BEGIN
	SELECT Id_match, IdConcours, IdEquipe1, IdEquipe2, equipeGagnante, equipePerdante,tour FROM matchconcours WHERE IdConcours = pId_Concours;
END$$

DROP PROCEDURE IF EXISTS `getCategories`$$
CREATE DEFINER=`root`@`localhost` PROCEDURE `getCategories` ()  BEGIN
    SELECT *
    FROM categorie;
END$$

DROP PROCEDURE IF EXISTS `getClubs`$$
CREATE DEFINER=`root`@`localhost` PROCEDURE `getClubs` ()  BEGIN
    SELECT *
    FROM club;
END$$

DROP PROCEDURE IF EXISTS `getConcours`$$
CREATE DEFINER=`root`@`localhost` PROCEDURE `getConcours` ()  NO SQL
BEGIN
	SELECT id_concours,date_concours,nature,c.libelle,sexe,tour,terminer FROM  		concours inner join categorie as c on c.id = concours.categorie;
END$$

DROP PROCEDURE IF EXISTS `getConcoursById`$$
CREATE DEFINER=`root`@`localhost` PROCEDURE `getConcoursById` (IN `id` INT)  BEGIN
	SELECT id_concours,date_concours,nature,c.libelle,sexe,tour,terminer FROM concours inner join categorie as c on c.id = concours.categorie WHERE id_concours=id;
END$$

DROP PROCEDURE IF EXISTS `getEquipeByID`$$
CREATE DEFINER=`root`@`localhost` PROCEDURE `getEquipeByID` (IN `pid_equipe` INT)  NO SQL
BEGIN
	SELECT id_equipe,nom,IdConcours FROM equipe WHERE id_equipe = pid_equipe;
END$$

DROP PROCEDURE IF EXISTS `getEquipeGagnanteConcours`$$
CREATE DEFINER=`root`@`localhost` PROCEDURE `getEquipeGagnanteConcours` (IN `pConcoursNum` INT, IN `pConcoursTour` INT)  NO SQL
BEGIN
	SELECT equipeGagnante FROM matchconcours WHERE IdConcours = pConcoursNum AND tour = pConcoursTour;
END$$

DROP PROCEDURE IF EXISTS `getJoueurById`$$
CREATE DEFINER=`root`@`localhost` PROCEDURE `getJoueurById` (`id` INT)  BEGIN
	SELECT numlicencie, prenomlicencie, nomlicencie, designation_Club, sexelicencie, categorielicencie, id_ClubLicencie FROM licencie INNER JOIN club ON licencie.id_ClubLicencie = club.numAffiliation_Club WHERE numlicencie= id;
END$$

DROP PROCEDURE IF EXISTS `getLastConcoursID`$$
CREATE DEFINER=`root`@`localhost` PROCEDURE `getLastConcoursID` ()  BEGIN
	SELECT id_concours FROM concours ORDER BY id_concours DESC LIMIT 1;
END$$

DROP PROCEDURE IF EXISTS `getLastEquipeID`$$
CREATE DEFINER=`root`@`localhost` PROCEDURE `getLastEquipeID` ()  NO SQL
BEGIN
	SELECT id_equipe FROM equipe ORDER BY id_equipe DESC LIMIT 1;
END$$

DROP PROCEDURE IF EXISTS `getLastIDLicence`$$
CREATE DEFINER=`root`@`localhost` PROCEDURE `getLastIDLicence` ()  BEGIN
    SELECT LAST_INSERT_ID() as id FROM licencie;
END$$

DROP PROCEDURE IF EXISTS `getLastMatch`$$
CREATE DEFINER=`root`@`localhost` PROCEDURE `getLastMatch` (IN `pId_Concours` INT)  NO SQL
BEGIN
	SELECT id_match FROM matchconcours WHERE IdConcours = pId_Concours ORDER BY id_match DESC LIMIT 1;
END$$

DROP PROCEDURE IF EXISTS `getLeClub`$$
CREATE DEFINER=`root`@`localhost` PROCEDURE `getLeClub` (`id` INT)  BEGIN
	SELECT * FROM club WHERE numAffiliation_Club = id;
END$$

DROP PROCEDURE IF EXISTS `getLicence`$$
CREATE DEFINER=`root`@`localhost` PROCEDURE `getLicence` (`id` INT)  BEGIN
	SELECT * FROM licencie WHERE numlicencie= id ;
END$$

DROP PROCEDURE IF EXISTS `getLicenceById`$$
CREATE DEFINER=`root`@`localhost` PROCEDURE `getLicenceById` (`id` INT)  BEGIN
	SELECT * FROM licencie WHERE numlicencie= id and validation=1;
END$$

DROP PROCEDURE IF EXISTS `getLicenceByIdClub`$$
CREATE DEFINER=`root`@`localhost` PROCEDURE `getLicenceByIdClub` (`id` INT)  BEGIN
	SELECT * FROM licencie WHERE id_ClubLicencie= id and validation=1;
END$$

DROP PROCEDURE IF EXISTS `getLicenceByNom`$$
CREATE DEFINER=`root`@`localhost` PROCEDURE `getLicenceByNom` (`nom` VARCHAR(255))  BEGIN
	SELECT * FROM licencie WHERE nomlicencie LIKE nom and validation=1;
END$$

DROP PROCEDURE IF EXISTS `getLicenceByNomPrenom`$$
CREATE DEFINER=`root`@`localhost` PROCEDURE `getLicenceByNomPrenom` (`nom` VARCHAR(255), `prenom` VARCHAR(255))  BEGIN
	SELECT * FROM licencie WHERE nomlicencie LIKE nom and prenomlicencie LIKE prenom and validation=1;
END$$

DROP PROCEDURE IF EXISTS `getLicenceByPrenom`$$
CREATE DEFINER=`root`@`localhost` PROCEDURE `getLicenceByPrenom` (IN `prenom` VARCHAR(255))  BEGIN
	SELECT * FROM licencie WHERE prenomlicencie LIKE prenom and validation=1;
END$$

DROP PROCEDURE IF EXISTS `getLicencesAValider`$$
CREATE DEFINER=`root`@`localhost` PROCEDURE `getLicencesAValider` ()  BEGIN
	SELECT * FROM licencie WHERE validation=0;
END$$

DROP PROCEDURE IF EXISTS `getNbMatchDernierTour`$$
CREATE DEFINER=`root`@`localhost` PROCEDURE `getNbMatchDernierTour` (IN `pConcoursNum` INT, IN `pConcoursTour` INT)  NO SQL
BEGIN
SELECT COUNT(*) FROM matchconcours WHERE IdConcours = pConcoursNum AND tour = pConcoursTour;
END$$

DROP PROCEDURE IF EXISTS `nomPhotoLicencie`$$
CREATE DEFINER=`root`@`localhost` PROCEDURE `nomPhotoLicencie` (`nom` VARCHAR(255), `id` INT)  BEGIN
    UPDATE licencie SET photolicencie = nom WHERE numlicencie = id;
END$$

DROP PROCEDURE IF EXISTS `removeEquipe`$$
CREATE DEFINER=`root`@`localhost` PROCEDURE `removeEquipe` (IN `pId_equipe` INT)  NO SQL
BEGIN
	DELETE FROM equipe WHERE id_equipe=pId_equipe;
END$$

DROP PROCEDURE IF EXISTS `setEquipeGagnanteMatch`$$
CREATE DEFINER=`root`@`localhost` PROCEDURE `setEquipeGagnanteMatch` (IN `pIdMatch` INT, IN `pEquipeGagnante` INT, IN `pEquipePerdante` INT)  NO SQL
BEGIN
	UPDATE `matchconcours` SET `equipeGagnante` = pEquipeGagnante, `equipePerdante` = pEquipePerdante WHERE `matchconcours`.`id_match` = pIdMatch;
END$$

DROP PROCEDURE IF EXISTS `updateConcoursTermine`$$
CREATE DEFINER=`root`@`localhost` PROCEDURE `updateConcoursTermine` (IN `pConcoursNum` INT, IN `pConcoursTerminer` INT)  NO SQL
BEGIN
UPDATE `concours` SET `terminer` = pConcoursTerminer WHERE `concours`.`id_concours` = pConcoursNum;
END$$

DROP PROCEDURE IF EXISTS `updateTourConcours`$$
CREATE DEFINER=`root`@`localhost` PROCEDURE `updateTourConcours` (IN `pConcourNum` INT, IN `pConcoursTour` INT)  NO SQL
BEGIN
UPDATE `concours` SET `tour` = pConcoursTour WHERE `concours`.`id_concours` = pConcourNum;
END$$

DROP PROCEDURE IF EXISTS `validerLicence`$$
CREATE DEFINER=`root`@`localhost` PROCEDURE `validerLicence` (`id` INT)  BEGIN
	UPDATE licencie SET validation=1 WHERE numlicencie= id;
END$$

DELIMITER ;

-- --------------------------------------------------------

--
-- Structure de la table `categorie`
--

DROP TABLE IF EXISTS `categorie`;
CREATE TABLE IF NOT EXISTS `categorie` (
  `id` int(11) NOT NULL AUTO_INCREMENT,
  `libelle` varchar(255) DEFAULT NULL,
  PRIMARY KEY (`id`)
) ENGINE=InnoDB AUTO_INCREMENT=4 DEFAULT CHARSET=latin1;

--
-- Déchargement des données de la table `categorie`
--

INSERT INTO `categorie` (`id`, `libelle`) VALUES
(1, 'Enfant'),
(2, 'Adulte'),
(3, 'Senior');

-- --------------------------------------------------------

--
-- Structure de la table `club`
--

DROP TABLE IF EXISTS `club`;
CREATE TABLE IF NOT EXISTS `club` (
  `numAffiliation_Club` int(11) NOT NULL AUTO_INCREMENT,
  `designation_Club` varchar(255) NOT NULL,
  `adrRueSiege_Club` varchar(255) NOT NULL,
  `adrVilleSiege_Club` varchar(255) NOT NULL,
  `adrCPSiege_Club` int(11) NOT NULL,
  `anneeAffiliation_Club` int(11) NOT NULL,
  `tel_Club` varchar(255) NOT NULL,
  `email_Club` varchar(255) NOT NULL,
  `adrRueCourrier_Club` varchar(255) NOT NULL,
  `adrVilleCourrier_Club` varchar(255) NOT NULL,
  `adrCPCourrier_Club` int(11) NOT NULL,
  `numPrefecture_Club` varchar(255) NOT NULL,
  PRIMARY KEY (`numAffiliation_Club`),
  KEY `numAffiliation_Club` (`numAffiliation_Club`)
) ENGINE=InnoDB AUTO_INCREMENT=65 DEFAULT CHARSET=latin1;

--
-- Déchargement des données de la table `club`
--

INSERT INTO `club` (`numAffiliation_Club`, `designation_Club`, `adrRueSiege_Club`, `adrVilleSiege_Club`, `adrCPSiege_Club`, `anneeAffiliation_Club`, `tel_Club`, `email_Club`, `adrRueCourrier_Club`, `adrVilleCourrier_Club`, `adrCPCourrier_Club`, `numPrefecture_Club`) VALUES
(1, 'LeClub', '13 rue du camp de droite', 'Boulogne', 62200, 2018, '0321576210', 'leclub@gmail.com', '12 place Foch', 'Samer', 62830, 'w6210'),
(2, 'El Kroko', '3095 Felis, Ave', 'Hamoir', 6994, 2010, '02 13 87 29 48', 'nec.tempus.mauris@dolorvitae.ca', 'Ap #467-6268 Fringilla Ave', 'Shipshaw', 975483, '9'),
(3, 'Casablanquer', '248-3299 Id St.', 'Glabais', 2529, 2003, '04 67 45 16 29', 'non@maurisipsumporta.edu', 'P.O. Box 598, 1707 Lacus, Av.', 'Montignoso', 895347, '6'),
(4, 'Los merdias', 'Ap #730-4821 Ut, Rd.', 'WagnelŽe', 95566, 1999, '07 79 10 32 32', 'Integer@nullaatsem.edu', '6597 Elementum Rd.', 'Dunedin', 26287, '10'),
(5, 'Philippe Del Matchito', '245 Tempor, Rd.', 'Altamura', 66872, 2000, '09 31 81 62 99', 'id.nunc@enimEtiamimperdiet.ca', '3509 Nunc Av.', 'Bissegem', 4537, '4'),
(6, 'Puerfercto', '9619 Lobortis, Ave', 'Meise', 32899, 2014, '04 03 03 16 81', 'nec.enim@interdum.com', 'Ap #657-931 Aliquam Ave', 'Valda', 7733, '2'),
(7, 'Numbani', '1021 Commodo St.', 'Trani', 70800, 2011, '04 33 35 85 27', 'aliquet@turpisIncondimentum.ca', 'Ap #484-1216 Commodo St.', 'Görlitz', 89, '5'),
(8, 'Idiotas', '494-3994 Laoreet Rd.', 'Chelsea', 22567, 2008, '08 21 62 46 77', 'urna@magnaLoremipsum.org', 'Ap #755-3644 Enim, Road', 'Schiltigheim', 1564, '1'),
(9, 'Retas', '188-1110 Metus Avenue', 'Nieuwkerken-Waas', 68246, 2003, '04 81 81 22 82', 'dolor@egestashendrerit.org', 'Ap #539-9078 Augue Rd.', 'Glendon', 22124, '8'),
(10, 'rutrum lorem ac', '5402 Sit St.', 'Borgomasino', 40803, 2008, '08 77 56 46 70', 'Maecenas.libero@ac.edu', 'P.O. Box 355, 3046 Ornare, Av.', 'Bonvicino', 68830, '7'),
(11, 'Nulla eu neque', 'P.O. Box 220, 4901 Etiam Rd.', 'Friedrichsdorf', 67334, 2013, '08 69 21 03 22', 'rhoncus.Donec.est@Aliquamornare.edu', '597-100 Semper St.', 'Åkersberga', 0, '3'),
(12, 'magna. Cras convallis', '918-7527 Libero. Ave', 'Sperlinga', 27387, 2019, '09 05 51 61 52', 'sit.amet.ultricies@et.org', 'P.O. Box 841, 2862 Blandit Road', 'Cairns', 3139, '6'),
(13, 'nonummy. Fusce fermentum', '220-4431 Metus Rd.', 'Lakeshore', 39546, 2005, '05 68 48 37 50', 'Suspendisse@Nunc.com', 'P.O. Box 385, 6794 Ipsum. Road', 'Épernay', 600579, '5'),
(14, 'mi, ac mattis', '265-5417 Pretium Road', 'Calle Blancos', 635108, 2008, '09 85 37 54 91', 'Cum@etipsumcursus.com', 'P.O. Box 715, 3051 Molestie St.', 'Hay River', 322700, '8'),
(15, 'Sed eu nibh', '1305 Lectus. Rd.', 'Golspie', 976752, 2009, '02 55 47 04 86', 'mattis@idrisusquis.edu', '135-5699 Imperdiet Road', 'Nancy', 15757, '7'),
(16, 'vitae purus gravida', '202-6719 Molestie Road', 'Caruaru', 11202, 2003, '01 27 67 44 25', 'ac.facilisis.facilisis@actellus.ca', 'Ap #838-4128 Habitant Avenue', 'Falkirk', 49028, '9'),
(17, 'facilisis vitae, orci.', '1067 In Rd.', 'l\'Escaillre', 523419, 2000, '08 53 42 72 56', 'Duis.risus@egestaslaciniaSed.ca', '250-400 Elementum Street', 'Aubange', 45580, '10'),
(18, 'aliquam eros turpis', '4803 Orci, Rd.', 'Galmaarden', 71329, 2016, '02 76 02 59 30', 'vitae.sodales@sitamet.net', '745-8983 Penatibus St.', 'Sint-Lambrechts-Woluwe', 93, '8'),
(19, 'lectus. Cum sociis', 'P.O. Box 109, 5682 Neque Street', 'Lakeshore', 0, 2018, '04 52 60 57 35', 'velit@loremluctus.com', 'P.O. Box 436, 1104 Integer St.', 'Stirling', 59642, '6'),
(20, 'malesuada fringilla est.', 'P.O. Box 400, 655 Dui Road', 'Ankara', 88, 2002, '06 32 77 17 89', 'neque@sit.net', 'Ap #883-1802 Sit Av.', 'Valparaíso', 69110, '7'),
(21, 'Nunc sollicitudin commodo', 'P.O. Box 583, 1366 Suspendisse Ave', 'Pirmasens', 39935, 2001, '07 28 50 40 59', 'Mauris@Donec.edu', 'P.O. Box 136, 3752 Consequat Ave', 'Malderen', 52740, '7'),
(22, 'ullamcorper, nisl arcu', '9817 Arcu. Road', 'Grosseto', 2815, 2008, '08 89 68 51 92', 'luctus@eleifendCras.org', '831-9033 Posuere Ave', 'Saalfelden am Steinernen Meer', 435955, '8'),
(23, 'molestie in, tempus', 'P.O. Box 142, 8687 Augue Road', 'Tongrinne', 6062, 2018, '02 25 81 44 20', 'metus.In@orciinconsequat.com', 'Ap #585-3365 Pulvinar Avenue', 'Sint-Stevens-Woluwe', 4200, '8'),
(24, 'turpis non enim.', 'P.O. Box 603, 4109 Leo. Rd.', 'GomzŽ-Andoumont', 68535, 2019, '03 12 27 90 81', 'vulputate.lacus.Cras@velarcu.org', '4541 Inceptos Street', 'Sunderland', 95868, '1'),
(25, 'Lorem ipsum dolor', 'Ap #390-6038 Ipsum. Street', 'Perinaldo', 124693, 2005, '06 11 22 74 25', 'interdum@purusMaecenaslibero.com', '5113 Per Rd.', 'Ch‰telineau', 77677, '9'),
(26, 'Aliquam nisl. Nulla', 'P.O. Box 855, 6071 Vitae, Rd.', 'Moose Jaw', 26818, 2016, '05 36 27 62 22', 'Pellentesque.tincidunt.tempus@penatibuset.edu', '9280 Metus Rd.', 'Ramsel', 88860, '4'),
(27, 'Etiam ligula tortor,', '660-6548 Mauris Avenue', 'Colobraro', 570524, 1999, '05 79 01 08 97', 'ligula.tortor@nonmagnaNam.edu', '7774 Neque Av.', 'Hamilton', 9150, '3'),
(28, 'rutrum lorem ac', '614-4826 Feugiat St.', 'Kalisz', 50315, 2019, '09 71 60 62 20', 'sagittis.Duis.gravida@velvulputate.ca', '9543 Ipsum. Road', 'Kiel', 64762, '10'),
(29, 'pharetra. Quisque ac', '629-4176 Dui, Road', 'Caprauna', 73227, 2003, '08 46 80 42 63', 'erat@eleifend.com', 'Ap #991-828 Lacus St.', 'Sesto al Reghena', 894044, '8'),
(30, 'ultricies ornare, elit', '935-8429 Cursus Rd.', 'Mandasor', 936468, 2019, '04 74 38 74 05', 'feugiat.placerat@eget.org', 'P.O. Box 117, 7549 Mi Avenue', 'Barchi', 6634, '9'),
(31, 'at pretium aliquet,', '7052 Sit Rd.', 'Viran?ehir', 633844, 2012, '08 73 86 47 11', 'Aenean.sed@Inornaresagittis.ca', 'P.O. Box 450, 1245 Luctus Street', 'Bourlers', 0, '7'),
(32, 'non ante bibendum', 'Ap #893-317 Rhoncus. Street', 'Blind River', 967182, 2016, '06 09 91 10 71', 'senectus.et.netus@Utsemperpretium.com', '293-3361 Nulla St.', 'Bad Ischl', 24883, '4'),
(33, 'dolor, tempus non,', 'P.O. Box 209, 5561 Tortor St.', 'Provo', 405512, 2005, '09 25 62 35 05', 'arcu@Inornare.org', 'Ap #989-1597 Velit. Avenue', 'Dijon', 60701, '10'),
(34, 'vestibulum. Mauris magna.', 'P.O. Box 303, 1507 Nibh. Road', 'Vliermaalroot', 54, 2017, '02 99 82 67 17', 'luctus.vulputate@nonenimMauris.com', 'P.O. Box 842, 1029 Mauris Ave', 'Saint-Malo', 34082, '1'),
(35, 'sit amet diam', 'P.O. Box 472, 9740 Nec Road', 'Castelnovo del Friuli', 70286, 2014, '02 34 75 54 75', 'lacus@aliquetlobortisnisi.ca', 'P.O. Box 939, 1968 Vivamus Street', 'Nagpur', 9843, '2'),
(36, 'consectetuer rhoncus. Nullam', '686-9201 Nibh Ave', 'Périgueux', 53, 2013, '07 26 71 70 46', 'ultricies@tortorIntegeraliquam.ca', 'Ap #468-9316 Mollis St.', 'Loverval', 63239, '9'),
(37, 'purus ac tellus.', '875-1745 Interdum Rd.', 'Moradabad', 75014, 2003, '05 95 97 79 44', 'sapien.Nunc.pulvinar@risusQuisque.ca', '505-4752 Ac St.', 'Montebello', 4084, '6'),
(38, 'pretium et, rutrum', '844-9892 Orci Avenue', 'Penhold', 858725, 2012, '03 71 21 50 04', 'dictum.eleifend.nunc@lacus.org', '930-4868 Proin Road', 'Yorkton', 9206, '9'),
(39, 'ornare sagittis felis.', '898-3869 Ullamcorper. Rd.', 'Assebroek', 54601, 2008, '06 14 54 35 55', 'egestas.Duis@nuncsitamet.edu', 'Ap #315-2974 Auctor St.', 'Great Falls', 1683, '5'),
(40, 'massa. Mauris vestibulum,', 'P.O. Box 759, 368 Sollicitudin Avenue', 'Harbour Grace', 5254, 2017, '07 89 07 63 96', 'ante@Quisque.net', 'Ap #801-5001 Fusce Av.', 'Elbistan', 8236, '2'),
(41, 'iaculis, lacus pede', 'P.O. Box 542, 6793 Fringilla Avenue', 'Vihari', 0, 2000, '07 49 98 04 28', 'sagittis@sitamet.com', '173-6194 At, Rd.', 'Kansas City', 27, '6'),
(42, 'Donec dignissim magna', 'Ap #784-2026 Nulla Rd.', 'Söderhamn', 51108, 2004, '07 96 78 36 15', 'in.hendrerit@massarutrummagna.ca', '647-2359 Malesuada Street', 'Lugnano in Teverina', 2443, '10'),
(43, 'ligula. Aliquam erat', '501-6637 Non St.', 'Kanpur', 7381, 2017, '06 99 87 13 03', 'lobortis@eget.edu', '6612 Auctor Av.', 'Munger', 40305, '2'),
(44, 'quam quis diam.', '604-4556 Cras St.', 'Neubrandenburg', 605552, 1999, '07 77 37 14 64', 'facilisis@neque.edu', '307-8412 Cras Road', 'Worcester', 30711, '8'),
(45, 'tortor at risus.', '7158 Orci Av.', 'Olivar', 0, 2011, '06 70 31 94 24', 'odio.Nam.interdum@eudui.edu', 'P.O. Box 331, 9897 Auctor Road', 'Dabgram', 198930, '1'),
(46, 'turpis nec mauris', 'P.O. Box 327, 564 At Ave', 'Stevenage', 6564, 2018, '08 83 72 10 94', 'mollis.vitae@arcuet.edu', '1317 Nonummy Av.', 'Jefferson City', 2184, '10'),
(47, 'eget massa. Suspendisse', 'Ap #671-3450 Diam. Avenue', 'Aubagne', 55963, 2017, '04 47 10 33 46', 'magnis.dis@metusurnaconvallis.co.uk', '227-896 Nulla St.', 'Kharagpur', 610549, '7'),
(48, 'adipiscing elit. Curabitur', 'P.O. Box 397, 4621 Velit. Av.', 'Ucluelet', 72891, 2006, '07 43 84 87 99', 'vestibulum.neque.sed@eutellus.ca', 'P.O. Box 336, 2339 Aliquet Street', 'Sint-Andries', 7803, '9'),
(49, 'est. Mauris eu', '623-3213 Rutrum St.', 'Aparecida de Goiânia', 492928, 1999, '09 86 16 23 24', 'erat.eget@turpisegestas.org', '909-2314 Vehicula Street', 'Nanded', 811246, '7'),
(50, 'Suspendisse aliquet, sem', '448-7188 Vitae, Rd.', 'Vieux-Genappe', 52936, 2004, '08 24 75 60 84', 'urna.Vivamus.molestie@massaVestibulumaccumsan.net', '273-1212 Ornare. Rd.', 'North Shore', 31585, '1'),
(51, 'amet, dapibus id,', 'Ap #975-9460 Non, Av.', 'Lasne-Chapelle-Saint-Lambert', 4696, 2001, '01 77 87 74 29', 'sagittis.Nullam@nonsollicitudina.org', '950-4802 Neque. Av.', 'LaSalle', 34007, '1'),
(52, 'gravida molestie arcu.', 'P.O. Box 977, 7767 Enim, Rd.', 'Naro', 72404, 2016, '01 87 87 60 51', 'in.sodales.elit@vitaeorci.co.uk', 'Ap #723-7026 Cras Avenue', 'Kaaskerke', 26864, '10'),
(53, 'ullamcorper magna. Sed', 'P.O. Box 696, 4293 Justo Av.', 'Pozzuolo del Friuli', 2764, 2014, '04 94 34 39 39', 'taciti.sociosqu.ad@Curabiturvel.net', '1408 Massa Rd.', 'San Fele', 20816, '1'),
(54, 'interdum enim non', 'P.O. Box 647, 7691 Ac Ave', 'Kaduna', 25127, 2013, '03 94 46 59 22', 'metus.Vivamus.euismod@dolorsitamet.com', '567-8320 Elit, Ave', 'Poitiers', 1683, '8'),
(55, 'ornare, facilisis eget,', '491-4416 Neque. Av.', 'Poggio Berni', 70500, 2019, '06 32 03 11 54', 'commodo@hendreritidante.net', '551-5760 Commodo Rd.', 'Jandrain-Jandrenouille', 0, '4'),
(56, 'tempus eu, ligula.', '5134 Lacinia Av.', 'Salerno', 55479, 2016, '01 44 26 70 63', 'Donec@ipsum.com', 'P.O. Box 475, 9363 Id, Rd.', 'Beigem', 52081, '5'),
(57, 'cursus non, egestas', '791-2159 Nulla Rd.', 'Neu-Isenburg', 3393, 2009, '04 63 76 94 66', 'metus@velfaucibus.net', '174-9321 Sit Rd.', 'Burin', 26052, '6'),
(58, 'fermentum vel, mauris.', '4619 Velit Rd.', 'Messancy', 903, 2015, '07 98 55 05 75', 'risus.a@eratSed.co.uk', '443-3565 Lorem, Avenue', 'Prestatyn', 1357, '4'),
(59, 'neque. Sed eget', '371-5656 Erat Rd.', 'Boston', 54026, 2006, '09 76 15 69 70', 'ut.erat.Sed@interdum.edu', 'Ap #495-9687 Donec Avenue', 'Ferrandina', 1302, '10'),
(60, 'nunc est, mollis', '435 Quam Street', 'Queilén', 9049, 2009, '09 37 72 90 04', 'facilisis.non.bibendum@euismodin.ca', '229-1956 Mauris St.', 'Tucapel', 89889, '7'),
(61, 'vitae nibh. Donec', 'P.O. Box 692, 8024 Fermentum Av.', 'Miranda', 1112, 2003, '04 05 13 57 29', 'magna.Phasellus.dolor@semelitpharetra.com', '514-2068 Nisl Road', 'Juiz de Fora', 12226, '1'),
(62, 'nom', 'rue', 'ville', 62580, 1999, '0321548765', 'email@mail.fr', 'rue2', 'ville2', 62333, 'e125f'),
(63, 'nom', 'rue', 'ville', 62580, 1999, '0321548765', 'email@mail.fr', 'rue2', 'ville2', 62333, 'e125f'),
(64, 'nom', 'rue', 'ville', 62580, 1999, '0321548765', 'email@mail.fr', 'rue2', 'ville2', 62333, 'e125f');

-- --------------------------------------------------------

--
-- Structure de la table `concours`
--

DROP TABLE IF EXISTS `concours`;
CREATE TABLE IF NOT EXISTS `concours` (
  `id_concours` int(11) NOT NULL AUTO_INCREMENT,
  `date_concours` date DEFAULT NULL,
  `club_org` int(11) DEFAULT NULL,
  `commentaires` varchar(255) DEFAULT NULL,
  `id_grille` int(11) DEFAULT NULL,
  `nature` varchar(255) DEFAULT NULL,
  `niveau` varchar(255) DEFAULT NULL,
  `categorie` int(11) DEFAULT NULL,
  `sexe` varchar(255) DEFAULT NULL,
  `tour` int(11) NOT NULL DEFAULT '0',
  `terminer` tinyint(1) NOT NULL DEFAULT '0',
  PRIMARY KEY (`id_concours`),
  UNIQUE KEY `id_concours` (`id_concours`),
  KEY `FK_concours_id_grille` (`id_grille`),
  KEY `FK_concours_club_org` (`club_org`),
  KEY `FK_concours_categorie` (`categorie`)
) ENGINE=InnoDB AUTO_INCREMENT=28 DEFAULT CHARSET=latin1;

--
-- Déchargement des données de la table `concours`
--

INSERT INTO `concours` (`id_concours`, `date_concours`, `club_org`, `commentaires`, `id_grille`, `nature`, `niveau`, `categorie`, `sexe`, `tour`, `terminer`) VALUES
(14, '2019-02-08', 1, 'fez', 1, 'Doublette', 'Régional', 3, '', 12, 0),
(15, '2019-03-22', NULL, NULL, NULL, 'Individuelle', NULL, 2, 'Homme', 3, 1),
(17, '2019-03-08', NULL, NULL, NULL, 'Individuelle', NULL, 2, 'Homme', 3, 1),
(18, '2019-03-05', NULL, NULL, NULL, 'Triplette', NULL, 2, 'Femme', 1, 0),
(19, '2019-03-13', NULL, NULL, NULL, 'Individuelle', NULL, 1, 'Homme', 12, 1),
(20, '2019-03-31', NULL, NULL, NULL, 'Doublette', NULL, 3, 'Homme', 4, 0),
(21, '2019-04-17', NULL, NULL, NULL, 'doublette', NULL, 2, 'Homme', 0, 0),
(24, '2019-04-07', NULL, NULL, NULL, 'Individuelle', NULL, 1, 'Homme', 0, 0),
(25, '2019-04-07', NULL, NULL, NULL, 'Individuelle', NULL, 1, 'Homme', 12, 1),
(26, '2019-04-27', NULL, NULL, NULL, 'Doublette', NULL, 2, 'Mixte', 3, 1),
(27, '2019-04-05', NULL, NULL, NULL, 'Individuelle', NULL, 1, 'Femme', 0, 0);

-- --------------------------------------------------------

--
-- Structure de la table `connexion`
--

DROP TABLE IF EXISTS `connexion`;
CREATE TABLE IF NOT EXISTS `connexion` (
  `id_conn` int(11) NOT NULL AUTO_INCREMENT,
  `login_conn` varchar(255) NOT NULL,
  `mdp_conn` varchar(255) NOT NULL,
  `id_club` int(11) DEFAULT NULL,
  PRIMARY KEY (`id_conn`),
  KEY `id_club` (`id_club`)
) ENGINE=InnoDB AUTO_INCREMENT=3 DEFAULT CHARSET=latin1;

--
-- Déchargement des données de la table `connexion`
--

INSERT INTO `connexion` (`id_conn`, `login_conn`, `mdp_conn`, `id_club`) VALUES
(1, 'root', 'root', NULL),
(2, 'leClub', 'root', 1);

-- --------------------------------------------------------

--
-- Structure de la table `equipe`
--

DROP TABLE IF EXISTS `equipe`;
CREATE TABLE IF NOT EXISTS `equipe` (
  `id_equipe` int(11) NOT NULL AUTO_INCREMENT,
  `nom` varchar(255) NOT NULL,
  `IdConcours` int(11) NOT NULL,
  PRIMARY KEY (`id_equipe`),
  KEY `FK_equipe_concours` (`IdConcours`)
) ENGINE=InnoDB AUTO_INCREMENT=40 DEFAULT CHARSET=utf8mb4;

--
-- Déchargement des données de la table `equipe`
--

INSERT INTO `equipe` (`id_equipe`, `nom`, `IdConcours`) VALUES
(6, 'a', 15),
(7, 'b', 15),
(8, 'c', 15),
(9, 'd', 15),
(10, 'e', 15),
(11, 'f', 15),
(12, 'g', 15),
(13, 'Mirl', 17),
(14, 'Kappa', 17),
(15, 'Bri', 17),
(16, 'Kosail', 17),
(17, 'Malkds', 17),
(18, 'eq1', 20),
(19, 'equ2', 20),
(20, 'edz', 20),
(21, 'ugy', 20),
(22, 'ug', 20),
(23, 'bjuv', 18),
(24, 'kbi', 18),
(25, 'nbh', 18),
(26, 'eq', 14),
(27, 'bjug', 14),
(28, 'vbj', 14),
(29, 'bu', 19),
(30, '', 19),
(31, 'vu', 19),
(32, 'eq1', 25),
(33, 'eq2', 25),
(34, 'zaiross', 26),
(35, 'alicia', 26),
(36, 'lushen', 26),
(37, 'gallion', 26),
(38, 'megan', 26),
(39, 'verad', 26);

-- --------------------------------------------------------

--
-- Structure de la table `grille`
--

DROP TABLE IF EXISTS `grille`;
CREATE TABLE IF NOT EXISTS `grille` (
  `id_grille` int(11) NOT NULL AUTO_INCREMENT,
  `libelle_grille` varchar(255) NOT NULL,
  PRIMARY KEY (`id_grille`)
) ENGINE=InnoDB AUTO_INCREMENT=3 DEFAULT CHARSET=latin1;

--
-- Déchargement des données de la table `grille`
--

INSERT INTO `grille` (`id_grille`, `libelle_grille`) VALUES
(1, 'B'),
(2, 'C');

-- --------------------------------------------------------

--
-- Structure de la table `joueursequipe`
--

DROP TABLE IF EXISTS `joueursequipe`;
CREATE TABLE IF NOT EXISTS `joueursequipe` (
  `id_equipe` int(11) NOT NULL,
  `numLicencie` int(11) NOT NULL,
  KEY `id_equipe` (`id_equipe`),
  KEY `id_licencie` (`numLicencie`)
) ENGINE=InnoDB DEFAULT CHARSET=utf8mb4;

--
-- Déchargement des données de la table `joueursequipe`
--

INSERT INTO `joueursequipe` (`id_equipe`, `numLicencie`) VALUES
(6, 2),
(7, 25),
(8, 32),
(9, 53),
(10, 66),
(11, 78),
(12, 66),
(13, 32),
(14, 12),
(15, 66),
(16, 108),
(17, 158),
(18, 36),
(18, 220),
(19, 109),
(19, 272),
(20, 242),
(20, 148),
(21, 285),
(21, 96),
(22, 125),
(22, 185),
(23, 56),
(23, 172),
(23, 19),
(24, 175),
(24, 295),
(24, 239),
(25, 292),
(25, 140),
(25, 20),
(26, 28),
(26, 261),
(27, 72),
(27, 294),
(28, 61),
(28, 275),
(29, 38),
(30, 69),
(31, 48),
(32, 69),
(33, 30),
(34, 31),
(34, 93),
(35, 123),
(35, 139),
(36, 204),
(36, 155),
(37, 295),
(37, 247),
(38, 172),
(38, 77),
(39, 19),
(39, 80);

-- --------------------------------------------------------

--
-- Structure de la table `licencie`
--

DROP TABLE IF EXISTS `licencie`;
CREATE TABLE IF NOT EXISTS `licencie` (
  `numlicencie` int(11) NOT NULL AUTO_INCREMENT,
  `nomlicencie` varchar(255) DEFAULT NULL,
  `prenomlicencie` varchar(255) DEFAULT NULL,
  `datedenaissance` date DEFAULT NULL,
  `sexelicencie` varchar(255) DEFAULT NULL,
  `categorielicencie` int(11) DEFAULT NULL,
  `positionlicencie` varchar(255) DEFAULT NULL,
  `adr_licencie` varchar(255) DEFAULT NULL,
  `adr_cp_licencie` varchar(5) DEFAULT NULL,
  `adr_ville_licencie` varchar(255) DEFAULT NULL,
  `tel_licencie` varchar(255) DEFAULT NULL,
  `mail_licencie` varchar(255) DEFAULT NULL,
  `nationnalite_licencie` varchar(255) DEFAULT NULL,
  `classification_licencie` varchar(11) DEFAULT NULL,
  `validite_CM` date DEFAULT NULL,
  `premiere_licence` int(11) DEFAULT NULL,
  `annee_reprise` int(11) DEFAULT NULL,
  `id_ClubLicencie` int(11) DEFAULT NULL,
  `validation` int(11) DEFAULT NULL,
  `photolicencie` varchar(255) DEFAULT NULL,
  `nb_points` int(11) DEFAULT '0',
  PRIMARY KEY (`numlicencie`),
  KEY `fk_licencie_club` (`id_ClubLicencie`),
  KEY `FK_Licencie_categorie` (`categorielicencie`)
) ENGINE=InnoDB AUTO_INCREMENT=310 DEFAULT CHARSET=latin1;

--
-- Déchargement des données de la table `licencie`
--

INSERT INTO `licencie` (`numlicencie`, `nomlicencie`, `prenomlicencie`, `datedenaissance`, `sexelicencie`, `categorielicencie`, `positionlicencie`, `adr_licencie`, `adr_cp_licencie`, `adr_ville_licencie`, `tel_licencie`, `mail_licencie`, `nationnalite_licencie`, `classification_licencie`, `validite_CM`, `premiere_licence`, `annee_reprise`, `id_ClubLicencie`, `validation`, `photolicencie`, `nb_points`) VALUES
(1, 'Lhomme', 'Aymeric', '1999-03-16', 'Masculin', 2, 'Normal', '47 résidence de l\'Aumonerie', '62830', 'Samer', '0321876699', 'aymericlhomme@orange.fr', 'Française', 'Promotion', '2020-12-05', 2019, 2019, 1, 1, '1.jpeg', 0),
(2, 'Fievet', 'Thomas', '1997-04-26', 'Masculin', 2, 'Normal', '58 allée aux oeufs', '62830', 'Samer', '0321587463', 'thomasfievet@orange.fr', 'Française', 'Promotion', '2020-12-05', 2019, 2019, 2, 1, '', 0),
(3, 'Nicole', 'Gage', '1988-09-03', 'Masculin', 1, 'Normal', '339-1859 At, Rd.', '9865', 'LimerlŽ', '06 31 30 74 04', 'nisi.magna@cursuspurusNullam.com', 'Française', 'Promotion', '2018-12-09', 2011, 2017, 15, 1, 'other.jpg', 0),
(4, 'Gwendolyn', 'Victor', '1994-02-12', 'Feminin', 1, 'Normal', 'Ap #802-785 Suspendisse Av.', '79158', 'Viernheim', '04 38 69 16 66', 'lacus.Mauris@aarcu.com', 'Française', 'Promotion', '2018-06-18', 2017, 2019, 1, 1, 'test.png', 0),
(5, 'Marah', 'Benjamin', '1994-11-25', 'Masculin', 3, 'Normal', 'Ap #366-9062 Neque Av.', '99671', 'Ninhue', '09 50 87 12 66', 'euismod.et.commodo@Cumsociis.edu', 'Française', 'Promotion', '2018-04-15', 2007, 2018, 4, 1, 'other.jpg', 0),
(6, 'Camilla', 'Brock', '1997-02-25', 'Masculin', 1, 'Normal', 'P.O. Box 311, 4507 Dis Rd.', '9', 'Spremberg', '01 58 12 11 62', 'Duis@eueros.net', 'Française', 'Promotion', '2018-10-30', 2015, 2017, 14, 1, 'other.jpg', 0),
(7, 'Raya', 'Kato', '1989-08-08', 'Feminin', 2, 'Normal', '235-1511 Enim. Ave', '14223', 'Forchies-la-Marche', '06 91 32 95 14', 'Quisque@arcuSedet.net', 'Française', 'Promotion', '2019-11-07', 2015, 2019, 3, 1, 'other.jpg', 0),
(8, 'Jemima', 'Linus', '1991-04-15', 'Masculin', 1, 'Normal', 'Ap #690-9978 Lobortis Rd.', '84702', 'San Calogero', '04 54 75 14 53', 'adipiscing@ullamcorperviverra.co.uk', 'Française', 'Promotion', '2019-06-10', 2008, 2018, 9, 1, 'other.jpg', 0),
(9, 'Tatum', 'Raphael', '1988-05-01', 'Feminin', 1, 'Normal', '108-3132 Ipsum Avenue', '0', 'Saint-Prime', '08 92 89 42 32', 'in.faucibus@NuncmaurisMorbi.edu', 'Française', 'Promotion', '2020-02-28', 2017, 2018, 5, 1, 'other.jpg', 0),
(10, 'Astra', 'Kadeem', '1994-09-22', 'Masculin', 1, 'Normal', 'Ap #313-4022 Et, Av.', '95', 'Saint-Urbain', '09 31 28 29 79', 'metus.vitae@inceptoshymenaeosMauris.com', 'Française', 'Promotion', '2018-12-21', 2004, 2019, 1, 1, 'other.jpg', 0),
(11, 'Piper', 'Carl', '1999-12-24', 'Feminin', 1, 'Normal', '474-2642 Felis Avenue', '21553', 'Moustier-sur-Sambre', '05 28 17 14 14', 'luctus.sit.amet@velnisl.co.uk', 'Française', 'Promotion', '2018-03-27', 2010, 2017, 12, 1, 'test.png', 0),
(12, 'Jayme', 'Bruce', '1994-02-18', 'Masculin', 2, 'Normal', '824-6346 Sed Avenue', '64218', 'Winchester', '02 23 07 25 91', 'Fusce@etmalesuadafames.net', 'Française', 'Promotion', '2018-08-20', 2015, 2019, 12, 1, 'other.jpg', 0),
(13, 'Yoko', 'Devin', '1989-12-08', 'Masculin', 1, 'Normal', 'P.O. Box 491, 1790 Gravida Street', '69077', 'Lauterach', '08 96 52 57 06', 'justo@ipsum.com', 'Française', 'Promotion', '2019-12-27', 2015, 2018, 12, 1, 'other.jpg', 0),
(14, 'Irma', 'Nathaniel', '1997-06-22', 'Masculin', 1, 'Normal', '4781 Semper, Ave', '0', 'Fogo', '06 98 15 37 00', 'adipiscing.elit@amet.edu', 'Française', 'Promotion', '2018-07-11', 2017, 2018, 6, 1, 'other.jpg', 0),
(15, 'Heidi', 'Brenden', '1995-04-01', 'Feminin', 1, 'Normal', '1309 Mollis. Ave', '1941', 'Rajkot', '01 61 51 36 00', 'Donec.tempus.lorem@penatibuset.edu', 'Française', 'Promotion', '2018-12-27', 2008, 2018, 10, 1, 'test.png', 0),
(16, 'Venus', 'Igor', '1996-06-29', 'Feminin', 2, 'Normal', '1701 Nullam Road', '76462', 'Enterprise', '04 21 89 41 51', 'et.rutrum@orciPhasellus.com', 'Française', 'Promotion', '2019-08-23', 2008, 2019, 13, 1, 'test.png', 0),
(17, 'Hilary', 'Colin', '1995-01-11', 'Masculin', 3, 'Normal', '438-2506 Sit Rd.', '65134', 'Moradabad', '03 49 78 17 25', 'lacus.Etiam@adlitoratorquent.com', 'Française', 'Promotion', '2019-03-29', 2010, 2017, 12, 1, 'test.png', 0),
(18, 'Lareina', 'Flynn', '1996-08-05', 'Feminin', 3, 'Normal', 'P.O. Box 765, 9423 Nisi. Rd.', '34659', 'Warrington', '06 27 50 89 74', 'non@pretiumaliquetmetus.edu', 'Française', 'Promotion', '2019-10-08', 2009, 2019, 15, 1, 'other.jpg', 0),
(19, 'Patience', 'Blake', '1999-05-25', 'Feminin', 2, 'Normal', '3925 Et St.', '42612', 'Montaldo Bormida', '09 07 94 07 52', 'Donec@magnaDuisdignissim.edu', 'Française', 'Promotion', '2019-10-17', 2018, 2017, 4, 1, 'test.png', 0),
(20, 'Dominique', 'Knox', '1992-09-25', 'Feminin', 2, 'Normal', '898 Mi Rd.', '81931', 'Telfs', '06 62 96 37 77', 'quam.Curabitur.vel@Suspendisse.edu', 'Française', 'Promotion', '2019-03-31', 2018, 2017, 10, 1, 'test.png', 0),
(21, 'Jamalia', 'Hoyt', '1995-07-29', 'Feminin', 3, 'Normal', 'P.O. Box 529, 6692 Egestas. St.', '9362', 'Vijayawada', '04 44 68 56 71', 'pede.Cras.vulputate@Sedneque.net', 'Française', 'Promotion', '2018-11-30', 2011, 2018, 3, 1, 'other.jpg', 0),
(22, 'Paula', 'Aladdin', '1996-08-20', 'Masculin', 2, 'Normal', 'P.O. Box 885, 239 Laoreet, Rd.', '18406', 'Aurangabad', '08 15 98 41 01', 'gravida.non.sollicitudin@fames.co.uk', 'Française', 'Promotion', '2019-06-30', 2007, 2018, 11, 1, 'other.jpg', 0),
(23, 'Alyssa', 'Cruz', '2000-01-21', 'Feminin', 3, 'Normal', '696-5336 Odio. St.', '5310', 'Valcourt', '02 61 55 11 38', 'cursus.a.enim@aaliquetvel.ca', 'Française', 'Promotion', '2019-06-20', 2012, 2017, 14, 1, 'test.png', 0),
(24, 'Anika', 'Tucker', '2000-02-14', 'Feminin', 1, 'Normal', '2504 Neque Rd.', '9160', 'Les Bons Villers', '02 05 12 24 59', 'nulla.Integer@enim.edu', 'Française', 'Promotion', '2019-12-28', 2012, 2019, 7, 1, 'other.jpg', 0),
(25, 'Claudia', 'Malachi', '1991-03-25', 'Masculin', 2, 'Normal', 'P.O. Box 446, 9941 Donec Avenue', '38663', 'Sint-Jans-Molenbeek', '04 63 70 09 72', 'est.mauris@antedictummi.edu', 'Française', 'Promotion', '2018-09-04', 2016, 2018, 1, 1, 'test.png', 0),
(26, 'Willa', 'Leonard', '1996-03-30', 'Masculin', 1, 'Normal', 'P.O. Box 588, 6127 Egestas St.', '70538', 'Rouvreux', '03 23 97 54 50', 'ac@necdiamDuis.co.uk', 'Française', 'Promotion', '2018-07-12', 2018, 2019, 3, 1, 'test.png', 0),
(27, 'Kiona', 'Carlos', '1989-03-07', 'Masculin', 3, 'Normal', 'P.O. Box 108, 322 Purus. Ave', '47489', 'Comblain-au-Pont', '01 33 28 15 46', 'faucibus.lectus.a@lacus.ca', 'Française', 'Promotion', '2019-12-23', 2012, 2019, 5, 1, 'test.png', 0),
(28, 'Melanie', 'Barclay', '1994-05-08', 'Masculin', 3, 'Normal', 'Ap #459-6007 Lorem Avenue', '38272', 'Salzburg', '09 35 29 29 00', 'dictum.eu@pellentesqueSed.net', 'Française', 'Promotion', '2018-03-23', 2019, 2017, 9, 1, 'other.jpg', 0),
(29, 'Danielle', 'Kasimir', '1998-04-12', 'Feminin', 1, 'Normal', '634 Dui. Rd.', '61310', 'Lauro de Freitas', '05 18 23 36 91', 'nunc.ullamcorper@Quisqueaclibero.net', 'Française', 'Promotion', '2018-07-05', 2014, 2017, 2, 1, 'test.png', 0),
(30, 'Lara', 'Forrest', '1992-01-03', 'Masculin', 1, 'Normal', '5536 Eu, Road', '82', 'Los Muermos', '02 21 16 42 82', 'nec.cursus.a@iaculisaliquet.com', 'Française', 'Promotion', '2019-12-28', 2005, 2019, 11, 1, 'other.jpg', 0),
(31, 'Linda', 'George', '1993-06-18', 'Feminin', 2, 'Normal', '6194 Et Rd.', '47', 'La Roche-sur-Yon', '05 18 06 97 31', 'Phasellus.ornare@arcuVestibulum.net', 'Française', 'Promotion', '2019-11-16', 2015, 2017, 15, 1, 'test.png', 0),
(32, 'Miranda', 'Thomas', '1999-03-19', 'Masculin', 2, 'Normal', 'Ap #494-7919 Eu St.', '5706', 'Rosolini', '01 94 77 70 08', 'Donec.feugiat.metus@Fuscealiquamenim.org', 'Française', 'Promotion', '2019-06-13', 2011, 2018, 13, 1, 'test.png', 0),
(33, 'Destiny', 'Clark', '1998-10-10', 'Feminin', 2, 'Normal', '861-584 Tortor Ave', '5349', 'Bahawalnagar', '02 89 17 13 70', 'at.velit.Pellentesque@Duis.org', 'Française', 'Promotion', '2018-04-08', 2015, 2017, 2, 1, 'test.png', 0),
(34, 'Ayanna', 'Kasper', '1994-12-06', 'Feminin', 2, 'Normal', 'Ap #795-7213 Sed St.', '3458', 'Halifax', '02 96 79 94 57', 'Lorem.ipsum.dolor@est.ca', 'Française', 'Promotion', '2018-04-02', 2010, 2018, 11, 1, 'test.png', 0),
(35, 'Jillian', 'Keaton', '1990-11-01', 'Feminin', 2, 'Normal', 'P.O. Box 979, 9258 Felis St.', '9450', 'Bleid', '04 81 19 06 68', 'aliquet.libero.Integer@Nuncmauris.com', 'Française', 'Promotion', '2019-09-05', 2018, 2017, 5, 1, 'other.jpg', 0),
(36, 'Chantale', 'Uriah', '1995-01-30', 'Masculin', 3, 'Normal', 'Ap #140-1110 Proin Street', '4279', 'Santo Stefano Quisquina', '05 08 16 46 81', 'mauris.Integer@afeugiat.edu', 'Française', 'Promotion', '2019-08-01', 2012, 2018, 7, 1, 'test.png', 0),
(37, 'Montana', 'Phillip', '1991-01-25', 'Feminin', 1, 'Normal', 'P.O. Box 532, 9436 Eleifend Street', '70701', 'Norrköping', '04 93 33 70 76', 'pellentesque.Sed@utnullaCras.edu', 'Française', 'Promotion', '2019-04-10', 2007, 2019, 11, 1, 'other.jpg', 0),
(38, 'Irene', 'Cody', '1991-04-24', 'Masculin', 1, 'Normal', '976-8187 In St.', '27', 'Putaendo', '08 66 67 45 77', 'turpis.vitae@ridiculusmus.com', 'Française', 'Promotion', '2019-10-29', 2013, 2017, 9, 1, 'test.png', 0),
(39, 'Kaden', 'Kevin', '1995-01-20', 'Feminin', 1, 'Normal', 'P.O. Box 751, 1045 Fringilla, Rd.', '6181', 'Bissegem', '05 11 09 05 73', 'Donec@pretium.ca', 'Française', 'Promotion', '2020-02-29', 2005, 2019, 10, 1, 'test.png', 0),
(40, 'Venus', 'Craig', '1989-02-18', 'Masculin', 2, 'Normal', 'Ap #346-812 Dapibus Street', '60061', 'Schellebelle', '07 20 31 44 23', 'cursus@luctuslobortisClass.edu', 'Française', 'Promotion', '2018-07-30', 2006, 2018, 9, 1, 'test.png', 0),
(41, 'Daryl', 'Knox', '1996-04-28', 'Feminin', 1, 'Normal', '872-4158 Massa Rd.', '0', 'Leffinge', '03 67 44 60 78', 'aliquet.molestie.tellus@egestasAliquamfringilla.com', 'Française', 'Promotion', '2019-09-30', 2012, 2017, 6, 1, 'other.jpg', 0),
(42, 'Kirsten', 'Chancellor', '1997-11-08', 'Masculin', 1, 'Normal', 'Ap #426-2024 Nulla Avenue', '12467', 'Newbury', '06 71 26 35 95', 'at.libero.Morbi@vulputateposuere.edu', 'Française', 'Promotion', '2019-10-22', 2011, 2019, 3, 1, 'test.png', 0),
(43, 'Hermione', 'Rafael', '1995-03-08', 'Feminin', 2, 'Normal', '7781 A Rd.', '29877', 'Remscheid', '02 72 41 61 25', 'fringilla@turpisnecmauris.net', 'Française', 'Promotion', '2018-08-20', 2016, 2019, 7, 1, 'other.jpg', 0),
(44, 'Charlotte', 'Levi', '1997-07-19', 'Feminin', 2, 'Normal', 'Ap #683-2376 Malesuada Ave', '65352', 'Motta Sant\'Anastasia', '08 74 10 78 20', 'ante.dictum@egestasblandit.edu', 'Française', 'Promotion', '2018-05-18', 2007, 2019, 3, 1, 'test.png', 0),
(45, 'Kalia', 'Quinn', '1998-01-07', 'Feminin', 3, 'Normal', 'Ap #335-535 Cursus Road', '56153', 'Camaçari', '04 23 40 75 56', 'volutpat@Etiam.org', 'Française', 'Promotion', '2018-04-16', 2017, 2017, 10, 1, 'other.jpg', 0),
(46, 'Kelly', 'Coby', '1995-10-15', 'Feminin', 1, 'Normal', 'P.O. Box 403, 1722 Arcu Street', '54874', 'Rae Bareli', '03 50 79 39 84', 'sem@Sedeu.net', 'Française', 'Promotion', '2019-03-10', 2014, 2018, 1, 1, 'test.png', 0),
(47, 'Stella', 'Seth', '1994-11-30', 'Feminin', 1, 'Normal', '6034 Lorem Rd.', '6904', 'Rennes', '08 81 38 33 86', 'Nam.nulla@nec.net', 'Française', 'Promotion', '2019-11-24', 2006, 2019, 13, 1, 'test.png', 0),
(48, 'Amena', 'Ali', '1988-09-22', 'Masculin', 1, 'Normal', 'Ap #598-9545 Cubilia Road', '1022', 'Forres', '08 41 39 75 07', 'scelerisque.mollis@euenim.org', 'Française', 'Promotion', '2019-06-03', 2007, 2017, 9, 1, 'other.jpg', 0),
(49, 'Regina', 'Giacomo', '1991-07-12', 'Masculin', 1, 'Normal', '150-8925 In Rd.', '61129', 'Ludwigsburg', '02 08 27 26 49', 'a.malesuada.id@anteMaecenasmi.net', 'Française', 'Promotion', '2019-03-07', 2018, 2017, 1, 1, 'other.jpg', 0),
(50, 'Sybil', 'Jarrod', '1994-06-05', 'Feminin', 3, 'Normal', 'P.O. Box 918, 4135 Nulla Rd.', '68833', 'Roccalumera', '09 90 64 57 90', 'lobortis.Class.aptent@pedeet.edu', 'Française', 'Promotion', '2018-11-15', 2016, 2017, 9, 1, 'other.jpg', 0),
(51, 'Xena', 'Tanner', '1996-12-04', 'Feminin', 3, 'Normal', 'Ap #374-3645 Nullam Av.', '54320', 'San Rafael', '03 45 15 56 10', 'eget.dictum.placerat@convallis.com', 'Française', 'Promotion', '2019-10-27', 2014, 2018, 8, 1, 'other.jpg', 0),
(52, 'Nyssa', 'Emerson', '1994-12-08', 'Masculin', 1, 'Normal', '838-1250 Tellus, St.', '4470', 'Lüneburg', '04 95 64 64 16', 'rutrum@venenatislacusEtiam.co.uk', 'Française', 'Promotion', '2018-05-27', 2009, 2017, 15, 1, 'other.jpg', 0),
(53, 'Zenia', 'Kieran', '1991-06-25', 'Masculin', 2, 'Normal', '931-805 Est Av.', '19930', 'Mont-de-Marsan', '06 81 30 40 04', 'lectus.quis.massa@dis.org', 'Française', 'Promotion', '2018-09-11', 2008, 2019, 5, 1, 'test.png', 0),
(54, 'Ina', 'Kibo', '1995-05-18', 'Feminin', 3, 'Normal', '2472 Varius Av.', '45535', 'Warspite', '04 78 67 81 68', 'convallis.convallis@ultriciesadipiscing.com', 'Française', 'Promotion', '2019-07-30', 2006, 2018, 4, 1, 'other.jpg', 0),
(55, 'Macey', 'Quinn', '1997-02-25', 'Feminin', 1, 'Normal', 'Ap #980-6044 Mollis. Road', '17', 'San Pablo', '03 35 61 43 68', 'vitae.dolor@feugiatplacerat.net', 'Française', 'Promotion', '2018-09-20', 2009, 2017, 15, 1, 'test.png', 0),
(56, 'Yen', 'Lev', '1994-09-17', 'Feminin', 2, 'Normal', '153-783 Phasellus Rd.', '0', 'Dessau', '04 72 23 96 52', 'luctus@Fusce.edu', 'Française', 'Promotion', '2018-08-28', 2016, 2017, 4, 1, 'test.png', 0),
(57, 'Fredericka', 'Mufutau', '1987-08-15', 'Feminin', 3, 'Normal', 'P.O. Box 272, 824 Eu Street', '87636', 'Nampa', '05 51 15 93 48', 'vestibulum@estcongue.ca', 'Française', 'Promotion', '2018-09-22', 2016, 2019, 11, 1, 'test.png', 0),
(58, 'Kirsten', 'Lionel', '1994-05-13', 'Feminin', 1, 'Normal', 'P.O. Box 408, 2750 Maecenas Road', '4248', 'Maranello', '07 55 33 73 68', 'Integer@Integer.net', 'Française', 'Promotion', '2018-06-02', 2010, 2019, 13, 1, 'other.jpg', 0),
(59, 'Halla', 'Kasper', '1989-08-31', 'Feminin', 3, 'Normal', '355-7032 Faucibus Street', '7848', 'Norman', '09 59 74 98 13', 'orci.luctus.et@Phasellusvitaemauris.ca', 'Française', 'Promotion', '2019-01-27', 2012, 2019, 2, 1, 'other.jpg', 0),
(60, 'Fiona', 'Amir', '1988-06-03', 'Feminin', 1, 'Normal', '667-4907 Ornare Ave', '7162', 'Baiso', '04 17 73 35 03', 'Etiam.bibendum@vitaeeratvel.com', 'Française', 'Promotion', '2018-08-13', 2015, 2018, 3, 1, 'other.jpg', 0),
(61, 'Patricia', 'Hamilton', '1990-02-04', 'Masculin', 3, 'Normal', 'Ap #285-5560 Aliquam Av.', '19819', 'Autelbas', '01 07 91 44 83', 'amet.luctus.vulputate@placerat.co.uk', 'Française', 'Promotion', '2018-11-28', 2007, 2018, 5, 1, 'test.png', 0),
(62, 'Zenaida', 'Tucker', '1988-05-13', 'Feminin', 1, 'Normal', '236-2807 Consectetuer Rd.', '16465', 'San Pedro', '04 29 14 36 80', 'augue.ac@interdum.co.uk', 'Française', 'Promotion', '2018-05-07', 2014, 2018, 5, 1, 'other.jpg', 0),
(63, 'Denise', 'Tiger', '1991-03-11', 'Feminin', 1, 'Normal', '3213 Vivamus Rd.', '17519', 'Gressoney-Saint-Jean', '03 82 38 69 13', 'et.commodo.at@dictumeleifendnunc.net', 'Française', 'Promotion', '2018-10-28', 2018, 2019, 3, 1, 'test.png', 0),
(64, 'Laurel', 'Brett', '1998-08-25', 'Feminin', 2, 'Normal', 'P.O. Box 292, 5964 Quis Street', '35464', 'Chelsea', '03 87 61 13 33', 'nec.leo.Morbi@Nullamvitae.edu', 'Française', 'Promotion', '2018-06-21', 2018, 2018, 13, 1, 'test.png', 0),
(65, 'Sigourney', 'Dieter', '1998-11-26', 'Feminin', 1, 'Normal', 'Ap #395-9980 Nunc. Rd.', '98849', 'Cap-Saint-Ignace', '05 86 35 00 63', 'sit.amet.faucibus@Integeraliquamadipiscing.edu', 'Française', 'Promotion', '2019-01-05', 2006, 2019, 2, 1, 'test.png', 0),
(66, 'Cassady', 'Boris', '1988-03-10', 'Masculin', 2, 'Normal', '4011 Lectus St.', '0', 'Wals-Siezenheim', '03 87 14 68 50', 'a@eu.org', 'Française', 'Promotion', '2018-07-11', 2011, 2019, 10, 1, 'other.jpg', 0),
(67, 'Geraldine', 'Lawrence', '1997-06-08', 'Feminin', 3, 'Normal', 'P.O. Box 836, 3191 Eget Street', '50219', 'Grantham', '04 72 54 86 98', 'pharetra.Quisque@nuncestmollis.org', 'Française', 'Promotion', '2019-01-25', 2006, 2019, 7, 1, 'test.png', 0),
(68, 'Serena', 'Norman', '1993-03-06', 'Feminin', 1, 'Normal', 'Ap #348-8951 Congue Rd.', '67', 'Sant\'Egidio alla Vibrata', '09 44 76 04 95', 'feugiat.non.lobortis@arcuMorbi.edu', 'Française', 'Promotion', '2019-04-10', 2007, 2019, 8, 1, 'other.jpg', 0),
(69, 'Selma', 'Wing', '1997-10-12', 'Masculin', 1, 'Normal', 'P.O. Box 323, 6609 Faucibus St.', '6975', 'Ramsey', '07 56 56 78 55', 'malesuada.fames.ac@dictum.co.uk', 'Française', 'Promotion', '2019-07-29', 2014, 2018, 2, 1, 'other.jpg', 0),
(70, 'Indigo', 'Ryan', '1988-06-13', 'Masculin', 2, 'Normal', '5345 Amet St.', '24501', 'Wetteren', '05 46 65 20 79', 'augue@sedfacilisisvitae.ca', 'Française', 'Promotion', '2020-02-18', 2014, 2018, 1, 1, 'test.png', 0),
(71, 'Hannah', 'Colt', '1992-05-03', 'Feminin', 2, 'Normal', 'Ap #269-9100 Duis Rd.', '10501', 'Jolanda di Savoia', '02 89 40 90 01', 'eget@facilisis.com', 'Française', 'Promotion', '2018-06-15', 2015, 2019, 1, 1, 'other.jpg', 0),
(72, 'Haley', 'Jin', '1994-09-13', 'Masculin', 3, 'Normal', '2202 Molestie St.', '19909', 'Viersel', '02 72 41 81 68', 'augue@netuset.co.uk', 'Française', 'Promotion', '2019-12-28', 2012, 2017, 10, 1, 'other.jpg', 0),
(73, 'Winifred', 'Steven', '1988-12-17', 'Masculin', 1, 'Normal', 'Ap #769-5575 Sit Ave', '77936', 'Boussu-lez-Walcourt', '05 25 88 38 00', 'erat.vel@adipiscing.com', 'Française', 'Promotion', '2019-08-12', 2019, 2017, 8, 1, 'other.jpg', 0),
(74, 'Daria', 'Holmes', '1998-09-21', 'Masculin', 1, 'Normal', '4137 Sodales Ave', '93', 'Bassiano', '03 79 56 96 43', 'non@dolor.ca', 'Française', 'Promotion', '2019-03-28', 2016, 2019, 9, 1, 'other.jpg', 0),
(75, 'Kimberley', 'Kyle', '1998-07-07', 'Feminin', 1, 'Normal', '699-6471 Et, St.', '0', 'Kent', '04 81 33 70 60', 'amet.diam.eu@vel.edu', 'Française', 'Promotion', '2018-06-08', 2010, 2019, 2, 1, 'other.jpg', 0),
(76, 'Indira', 'Ferdinand', '1992-05-21', 'Feminin', 2, 'Normal', 'Ap #908-2647 Quisque Ave', '86976', 'Montemesola', '05 36 96 66 12', 'viverra.Donec@Nunclectus.co.uk', 'Française', 'Promotion', '2019-11-16', 2018, 2017, 11, 1, 'test.png', 0),
(77, 'Aspen', 'Hu', '1993-09-23', 'Masculin', 2, 'Normal', 'Ap #230-9165 Nascetur Ave', '60567', 'Knokke', '02 91 00 15 52', 'luctus.et@Aliquam.net', 'Française', 'Promotion', '2018-04-22', 2009, 2017, 4, 1, 'other.jpg', 0),
(78, 'Quinn', 'Ciaran', '1989-06-27', 'Masculin', 2, 'Normal', 'Ap #759-1586 Donec Street', '93298', 'Columbia', '03 67 65 32 57', 'Sed.eu.eros@ligulaNullamfeugiat.co.uk', 'Française', 'Promotion', '2018-12-22', 2010, 2019, 14, 1, 'other.jpg', 0),
(79, 'Sacha', 'Blaze', '1989-02-17', 'Masculin', 3, 'Normal', 'Ap #328-6281 Aliquam Avenue', '3845', 'Cottbus', '05 10 00 66 11', 'ridiculus.mus@aliquetsemut.co.uk', 'Française', 'Promotion', '2018-07-04', 2010, 2019, 7, 1, 'test.png', 0),
(80, 'Chava', 'Murphy', '1988-06-04', 'Masculin', 2, 'Normal', '3108 Lorem Rd.', '734', 'Bal?kesir', '01 64 39 67 81', 'quis@ligulaNullamfeugiat.com', 'Française', 'Promotion', '2019-06-09', 2007, 2019, 4, 1, 'test.png', 0),
(81, 'Colleen', 'Tucker', '1996-05-10', 'Feminin', 2, 'Normal', '6182 Imperdiet St.', '85623', 'Marburg', '07 92 50 73 67', 'dolor.Fusce@aceleifendvitae.com', 'Française', 'Promotion', '2018-05-20', 2013, 2017, 3, 1, 'test.png', 0),
(82, 'Jaime', 'Omar', '1997-06-30', 'Masculin', 3, 'Normal', 'P.O. Box 512, 1783 Arcu. Ave', '0', 'Berg', '01 91 24 35 92', 'Fusce.aliquet.magna@elitelit.co.uk', 'Française', 'Promotion', '2018-09-03', 2014, 2019, 1, 1, 'other.jpg', 0),
(83, 'Brianna', 'Clark', '1995-08-29', 'Feminin', 3, 'Normal', '5338 Facilisis St.', '3804', 'Feilding', '04 88 50 01 67', 'molestie.tellus.Aenean@eratSed.net', 'Française', 'Promotion', '2018-11-04', 2007, 2018, 4, 1, 'test.png', 0),
(84, 'Whoopi', 'Jared', '1989-12-26', 'Masculin', 2, 'Normal', '2278 Convallis St.', '4792', 'Essex', '01 13 60 34 12', 'in.molestie.tortor@auctornunc.ca', 'Française', 'Promotion', '2019-12-09', 2013, 2018, 3, 1, 'test.png', 0),
(85, 'Olivia', 'Silas', '1999-09-21', 'Feminin', 3, 'Normal', 'Ap #208-541 Velit. St.', '3326', 'Little Rock', '05 71 44 28 37', 'hendrerit.neque.In@Cumsociisnatoque.edu', 'Française', 'Promotion', '2018-10-20', 2007, 2018, 2, 1, 'test.png', 0),
(86, 'Jane', 'Thomas', '1997-08-25', 'Masculin', 1, 'Normal', '8690 Cras Street', '19112', 'Karlsruhe', '02 12 72 60 63', 'mollis.dui.in@etarcuimperdiet.net', 'Française', 'Promotion', '2018-08-13', 2009, 2018, 12, 1, 'test.png', 0),
(87, 'Constance', 'Scott', '1995-05-01', 'Feminin', 3, 'Normal', 'Ap #810-5040 Mi Rd.', '5', 'Tire', '08 80 14 88 60', 'rutrum.justo.Praesent@tacitisociosqu.co.uk', 'Française', 'Promotion', '2019-02-21', 2005, 2019, 11, 1, 'other.jpg', 0),
(88, 'Brynn', 'Emerson', '1993-11-22', 'Feminin', 3, 'Normal', 'P.O. Box 857, 363 Lorem, St.', '6997', 'Tintigny', '05 82 57 41 10', 'mattis.Integer.eu@rutrum.com', 'Française', 'Promotion', '2019-04-08', 2016, 2018, 1, 1, 'other.jpg', 0),
(89, 'Mikayla', 'Myles', '1989-08-30', 'Feminin', 2, 'Normal', '3108 Neque. Av.', '92933', 'Montpelier', '09 40 26 32 21', 'Mauris@diamluctus.ca', 'Française', 'Promotion', '2019-10-28', 2015, 2019, 1, 1, 'test.png', 0),
(90, 'Candice', 'Dorian', '1989-12-22', 'Masculin', 1, 'Normal', 'Ap #752-7225 Lorem, Rd.', '92956', 'Guaitecas', '07 57 40 77 56', 'arcu.iaculis.enim@et.net', 'Française', 'Promotion', '2019-02-06', 2005, 2019, 2, 1, 'other.jpg', 0),
(91, 'Maggie', 'Denton', '1999-07-25', 'Masculin', 3, 'Normal', 'P.O. Box 752, 995 Vel, Avenue', '70502', 'Frutillar', '01 57 18 72 38', 'at.libero@lorem.co.uk', 'Française', 'Promotion', '2019-03-21', 2006, 2018, 15, 1, 'test.png', 0),
(92, 'Ocean', 'Hilel', '1996-01-14', 'Feminin', 1, 'Normal', '2136 Laoreet Road', '78008', 'Gravelbourg', '08 26 09 59 41', 'mattis.Cras@magna.org', 'Française', 'Promotion', '2018-05-30', 2008, 2018, 5, 1, 'other.jpg', 0),
(93, 'Lenore', 'Drake', '1989-11-18', 'Feminin', 2, 'Normal', '846-1403 Vulputate St.', '3001', 'Ururi', '03 02 42 66 77', 'Fusce.dolor@consectetuer.com', 'Française', 'Promotion', '2020-01-19', 2014, 2018, 15, 1, 'test.png', 0),
(94, 'Ivana', 'Dean', '1997-03-24', 'Masculin', 3, 'Normal', 'P.O. Box 892, 8362 Augue Rd.', '0', 'Kortessem', '06 40 99 62 15', 'laoreet@mitempor.co.uk', 'Française', 'Promotion', '2019-10-08', 2016, 2017, 2, 1, 'other.jpg', 0),
(95, 'Susan', 'Kareem', '1988-09-07', 'Masculin', 1, 'Normal', '207-7004 Scelerisque Ave', '93345', 'Thunder Bay', '08 45 92 97 16', 'pede.ultrices@fringilla.net', 'Française', 'Promotion', '2019-03-08', 2007, 2018, 6, 1, 'test.png', 0),
(96, 'Naida', 'Hamilton', '1995-12-09', 'Masculin', 3, 'Normal', 'Ap #620-6006 Eget, Ave', '0', 'Breda', '08 25 16 68 28', 'arcu@bibendum.co.uk', 'Française', 'Promotion', '2019-05-18', 2016, 2017, 10, 1, 'test.png', 0),
(97, 'Jessamine', 'Hector', '1987-11-10', 'Masculin', 3, 'Normal', '8983 Bibendum. St.', '43571', 'Hapur', '02 01 90 63 01', 'nisi.dictum.augue@vitaerisusDuis.com', 'Française', 'Promotion', '2019-03-04', 2007, 2017, 14, 1, 'other.jpg', 0),
(98, 'Kirsten', 'Uriel', '1996-11-17', 'Feminin', 2, 'Normal', '407-7956 Praesent Road', '7850', 'Ulm', '04 29 67 31 14', 'ante.Vivamus@tempuseuligula.co.uk', 'Française', 'Promotion', '2018-09-30', 2006, 2019, 6, 1, 'test.png', 0),
(99, 'Felicia', 'Kenyon', '1998-10-28', 'Masculin', 3, 'Normal', '658-1633 At, Ave', '40703', 'Santa Croce sull\'Arno', '09 28 79 48 42', 'arcu.iaculis.enim@montesnascetur.com', 'Française', 'Promotion', '2020-01-30', 2006, 2018, 3, 1, 'other.jpg', 0),
(100, 'Yetta', 'Drake', '1992-03-09', 'Feminin', 1, 'Normal', 'P.O. Box 101, 1140 Lectus Av.', '1893', 'Pulle', '09 52 24 00 68', 'magna@lacus.co.uk', 'Française', 'Promotion', '2018-12-02', 2010, 2019, 2, 1, 'other.jpg', 0),
(101, 'Maxine', 'Branden', '1993-08-12', 'Feminin', 1, 'Normal', '887-1470 Leo, Rd.', '74378', 'La Florida', '07 73 77 58 76', 'Maecenas@neque.co.uk', 'Française', 'Promotion', '2018-11-01', 2006, 2019, 1, 1, 'other.jpg', 0),
(102, 'Ria', 'Castor', '1999-12-04', 'Masculin', 1, 'Normal', 'Ap #727-2696 Pellentesque Avenue', '2457', 'Wimborne Minster', '03 63 84 14 68', 'magnis@InloremDonec.co.uk', 'Française', 'Promotion', '2019-06-16', 2005, 2017, 15, 1, 'test.png', 0),
(103, 'Len', 'Paula', '0000-00-00', 'Masculin', 3, 'Normal', '5599 Mauris Ave', '79877', 'Hull', '06 80 24 34 90', 'Sed.nunc@hendreritidante.ca', 'Française', 'Promotion', '2020-02-29', 2011, 2019, 8, 1, 'other.jpg', 0),
(104, 'Duncan', 'Denise', '0000-00-00', 'Feminin', 1, 'Normal', 'Ap #818-599 Iaculis, Road', '50551', 'Oswestry', '02 49 17 83 18', 'laoreet.lectus.quis@diam.com', 'Française', 'Promotion', '2018-05-21', 2011, 2019, 7, 1, 'other.jpg', 0),
(105, 'Griffith', 'Allegra', '0000-00-00', 'Masculin', 2, 'Normal', '3382 Turpis Ave', '8912', 'Liernu', '09 55 11 77 95', 'dignissim@nonummy.edu', 'Française', 'Promotion', '2019-12-20', 2011, 2018, 7, 1, 'other.jpg', 0),
(106, 'Francis', 'Carol', '0000-00-00', 'Feminin', 3, 'Normal', '412-8346 Eu Avenue', '4647', 'San Pablo', '09 86 46 52 54', 'pede.malesuada.vel@tellusimperdietnon.net', 'Française', 'Promotion', '2020-03-22', 2016, 2020, 5, 1, 'other.jpg', 0),
(107, 'Zane', 'Megan', '0000-00-00', 'Masculin', 2, 'Normal', 'Ap #712-6063 Eros Ave', '58797', 'Essex', '02 62 12 11 42', 'luctus@Aliquam.com', 'Française', 'Promotion', '2020-02-28', 2014, 2019, 2, 1, 'other.jpg', 0),
(108, 'Todd', 'Sierra', '0000-00-00', 'Masculin', 2, 'Normal', '254-4241 Imperdiet St.', '60753', 'Gojra', '05 43 50 07 46', 'Duis.volutpat@pellentesquemassalobortis.ca', 'Française', 'Promotion', '2019-12-25', 2011, 2019, 10, 1, 'other.jpg', 0),
(109, 'Arthur', 'Iola', '0000-00-00', 'Masculin', 3, 'Normal', '1317 Nibh St.', '81198', 'Korba', '01 55 85 31 56', 'nec@gravidaAliquam.net', 'Française', 'Promotion', '2019-07-13', 2012, 2018, 8, 1, 'test.png', 0),
(110, 'Eagan', 'Kellie', '0000-00-00', 'Feminin', 3, 'Normal', 'Ap #873-3870 Elementum Rd.', '1849', 'Newport', '08 82 42 20 50', 'Maecenas@Quisque.net', 'Française', 'Promotion', '2018-08-16', 2009, 2018, 5, 1, 'test.png', 0),
(111, 'Marsden', 'Zenia', '0000-00-00', 'Masculin', 1, 'Normal', '285-6373 Ligula. St.', '2913', 'Vallepietra', '08 70 97 06 35', 'lacus.Etiam@estac.edu', 'Française', 'Promotion', '2019-10-18', 2012, 2015, 10, 1, 'other.jpg', 0),
(112, 'Garth', 'Mia', '0000-00-00', 'Masculin', 3, 'Normal', '475-4716 Velit. Rd.', '59798', 'Böblingen', '03 68 32 15 59', 'in.magna.Phasellus@turpisIn.net', 'Française', 'Promotion', '2019-12-17', 2014, 2020, 9, 1, 'test.png', 0),
(113, 'Robert', 'Ursa', '0000-00-00', 'Feminin', 3, 'Normal', 'P.O. Box 544, 6297 Lorem, Rd.', '6580', 'Rouen', '06 55 78 06 49', 'et.libero.Proin@nequeIn.com', 'Française', 'Promotion', '2018-05-04', 2012, 2015, 2, 1, 'other.jpg', 0),
(114, 'Abbot', 'Germane', '0000-00-00', 'Feminin', 1, 'Normal', 'P.O. Box 392, 8481 Diam Ave', '56604', 'Quinta de Tilcoco', '04 49 84 37 01', 'aliquet@nonummyutmolestie.com', 'Française', 'Promotion', '2018-12-13', 2014, 2016, 4, 1, 'test.png', 0),
(115, 'Devin', 'Nora', '0000-00-00', 'Feminin', 1, 'Normal', '5589 Tellus. Avenue', '40600', 'Wa?brzych', '06 57 96 49 87', 'Curabitur.egestas.nunc@bibendumullamcorper.co.uk', 'Française', 'Promotion', '2019-01-16', 2016, 2015, 6, 1, 'test.png', 0),
(116, 'Bernard', 'Georgia', '0000-00-00', 'Masculin', 2, 'Normal', '270-2626 Ligula Road', '0', 'Rock Springs', '07 52 91 47 65', 'Pellentesque@turpisnon.co.uk', 'Française', 'Promotion', '2018-11-22', 2015, 2019, 6, 1, 'other.jpg', 0),
(117, 'Rahim', 'Laurel', '0000-00-00', 'Feminin', 2, 'Normal', '326-7284 Risus. Rd.', '92', 'Grande Prairie', '09 33 99 52 70', 'ac.urna.Ut@adipiscingelitEtiam.co.uk', 'Française', 'Promotion', '2019-05-28', 2013, 2015, 10, 1, 'other.jpg', 0),
(118, 'Jamal', 'Adena', '0000-00-00', 'Feminin', 3, 'Normal', '5990 Dolor. St.', '2503', 'Brahmapur', '05 14 71 30 78', 'odio.Nam.interdum@quis.co.uk', 'Française', 'Promotion', '2019-05-08', 2011, 2018, 5, 1, 'other.jpg', 0),
(119, 'Ahmed', 'Brenda', '0000-00-00', 'Feminin', 3, 'Normal', 'Ap #266-4829 Eu Avenue', '55318', 'Whitby', '02 04 94 72 90', 'semper.et@tortorNunc.edu', 'Française', 'Promotion', '2020-01-23', 2009, 2016, 1, 1, 'test.png', 0),
(120, 'Alan', 'Alexa', '0000-00-00', 'Masculin', 1, 'Normal', '404-9550 Tempor Road', '20143', 'Doel', '05 18 51 14 36', 'hendrerit.neque.In@aliquetnec.ca', 'Française', 'Promotion', '2020-03-20', 2015, 2017, 10, 1, 'test.png', 0),
(121, 'Isaiah', 'Sonia', '0000-00-00', 'Masculin', 1, 'Normal', '7985 Facilisis. Ave', '90364', 'Paal', '09 73 98 83 72', 'justo.nec@magnaSed.org', 'Française', 'Promotion', '2018-12-23', 2010, 2018, 2, 1, 'other.jpg', 0),
(122, 'Hasad', 'Sophia', '0000-00-00', 'Feminin', 3, 'Normal', 'Ap #991-3907 Eget Av.', '28940', 'Townsville', '03 06 87 16 10', 'Fusce.fermentum@magnisdis.com', 'Française', 'Promotion', '2018-12-09', 2013, 2020, 6, 1, 'other.jpg', 0),
(123, 'Ulric', 'Grace', '0000-00-00', 'Feminin', 2, 'Normal', '905-6365 Dui. Ave', '85382', 'Penhold', '08 82 72 04 12', 'Suspendisse@sit.co.uk', 'Française', 'Promotion', '2019-05-01', 2010, 2017, 9, 1, 'test.png', 0),
(124, 'Brenden', 'Moana', '0000-00-00', 'Feminin', 3, 'Normal', 'Ap #896-6448 Tortor, St.', '17262', 'Westkerke', '09 48 11 21 67', 'neque.venenatis.lacus@amet.ca', 'Française', 'Promotion', '2019-02-20', 2012, 2016, 6, 1, 'other.jpg', 0),
(125, 'Yuli', 'Irma', '0000-00-00', 'Masculin', 3, 'Normal', '256-3561 Phasellus Road', '26280', 'Cisano sul Neva', '08 54 60 25 29', 'diam@amet.edu', 'Française', 'Promotion', '2018-12-16', 2015, 2016, 3, 1, 'other.jpg', 0),
(126, 'Oliver', 'Cecilia', '0000-00-00', 'Feminin', 2, 'Normal', 'Ap #977-6983 Libero. Rd.', '42784', 'Salt Spring Island', '03 86 63 65 20', 'malesuada.ut.sem@Duis.co.uk', 'Française', 'Promotion', '2018-08-27', 2011, 2017, 3, 1, 'other.jpg', 0),
(127, 'Brandon', 'Aileen', '0000-00-00', 'Feminin', 2, 'Normal', '757-1482 Arcu Road', '62960', 'Ratlam', '03 87 41 14 09', 'fringilla.porttitor@eratnonummyultricies.edu', 'Française', 'Promotion', '2019-06-18', 2015, 2016, 2, 1, 'test.png', 0),
(128, 'Clarke', 'Sophia', '0000-00-00', 'Masculin', 1, 'Normal', '582-7330 Porta Av.', '33', 'Fauvillers', '03 78 07 40 47', 'gravida.nunc@enimgravida.org', 'Française', 'Promotion', '2020-02-14', 2014, 2016, 10, 1, 'test.png', 0),
(129, 'Mason', 'Lee', '0000-00-00', 'Feminin', 1, 'Normal', 'P.O. Box 259, 2325 Auctor, Rd.', '11513', 'Nijkerk', '05 09 28 98 00', 'Duis.ac@magnisdisparturient.ca', 'Française', 'Promotion', '2018-06-25', 2014, 2019, 7, 1, 'other.jpg', 0),
(130, 'Uriel', 'Renee', '0000-00-00', 'Masculin', 1, 'Normal', 'P.O. Box 400, 4372 Dolor. Street', '88288', 'Siddi', '06 06 78 59 01', 'turpis.vitae@milaciniamattis.co.uk', 'Française', 'Promotion', '2019-03-12', 2011, 2015, 6, 1, 'other.jpg', 0),
(131, 'Kenneth', 'Ginger', '0000-00-00', 'Feminin', 1, 'Normal', 'P.O. Box 706, 8432 Cum Avenue', '1994', 'Tufara', '08 85 92 53 46', 'imperdiet.erat@aliquet.co.uk', 'Française', 'Promotion', '2018-08-24', 2011, 2015, 9, 1, 'other.jpg', 0),
(132, 'Daquan', 'Clare', '0000-00-00', 'Masculin', 1, 'Normal', 'Ap #137-2920 Porttitor St.', '88832', 'Bhatinda', '04 50 71 79 10', 'Integer@mi.ca', 'Française', 'Promotion', '2018-08-22', 2012, 2016, 5, 1, 'other.jpg', 0),
(133, 'Zephania', 'Virginia', '0000-00-00', 'Feminin', 2, 'Normal', '1644 Aliquam Av.', '55825', 'Taunusstein', '09 27 23 28 28', 'elit.elit.fermentum@Donecelementum.edu', 'Française', 'Promotion', '2019-05-26', 2016, 2018, 1, 1, 'other.jpg', 0),
(134, 'Fulton', 'Xena', '0000-00-00', 'Masculin', 3, 'Normal', '809-8126 Purus Av.', '31119', 'Gadag Betigeri', '06 22 63 66 29', 'cursus@convallisantelectus.co.uk', 'Française', 'Promotion', '2019-11-11', 2016, 2019, 5, 1, 'other.jpg', 0),
(135, 'Hayes', 'Jessamine', '0000-00-00', 'Feminin', 2, 'Normal', '9425 Aenean Av.', '5482', 'Monteu Roero', '07 55 22 10 77', 'sit.amet@consectetuer.org', 'Française', 'Promotion', '2019-05-15', 2012, 2018, 5, 1, 'test.png', 0),
(136, 'Ivan', 'Aimee', '0000-00-00', 'Masculin', 3, 'Normal', 'Ap #730-6091 Eu St.', '84874', 'Ahrensburg', '04 37 31 83 75', 'Fusce@interdum.net', 'Française', 'Promotion', '2018-04-22', 2013, 2020, 3, 1, 'other.jpg', 0),
(137, 'Denton', 'Ainsley', '0000-00-00', 'Masculin', 1, 'Normal', 'P.O. Box 837, 5888 Augue Street', '3173', 'Angers', '05 22 18 50 06', 'metus.vitae@sagittisNullam.org', 'Française', 'Promotion', '2019-12-14', 2010, 2016, 9, 1, 'test.png', 0),
(138, 'Travis', 'Shafira', '0000-00-00', 'Feminin', 2, 'Normal', 'Ap #897-1019 Gravida St.', '36680', 'Rotem', '01 30 26 12 30', 'dui.Cum@vel.org', 'Française', 'Promotion', '2018-08-14', 2009, 2016, 6, 1, 'other.jpg', 0),
(139, 'Hashim', 'Ainsley', '0000-00-00', 'Masculin', 2, 'Normal', '5537 Ultrices. Rd.', '20814', 'Antibes', '09 95 01 22 36', 'amet@uterat.ca', 'Française', 'Promotion', '2019-01-06', 2012, 2016, 9, 1, 'test.png', 0),
(140, 'Lester', 'Bell', '0000-00-00', 'Feminin', 2, 'Normal', '108-4496 Imperdiet Street', '5850', 'Burnaby', '08 59 40 98 18', 'aliquet.molestie.tellus@lorem.ca', 'Française', 'Promotion', '2018-08-21', 2015, 2019, 10, 1, 'other.jpg', 0),
(141, 'Grant', 'Wendy', '0000-00-00', 'Feminin', 1, 'Normal', '881-7056 Pulvinar Av.', '19469', 'Nandyal', '01 47 53 10 48', 'at.velit.Pellentesque@volutpat.ca', 'Française', 'Promotion', '2018-12-12', 2015, 2015, 1, 1, 'other.jpg', 0),
(142, 'Alan', 'Delilah', '0000-00-00', 'Feminin', 1, 'Normal', '210-1769 Sed Ave', '80640', 'Aosta', '04 92 67 97 19', 'interdum@Donec.edu', 'Française', 'Promotion', '2019-08-20', 2015, 2017, 6, 1, 'test.png', 0),
(143, 'Ulysses', 'Yoko', '0000-00-00', 'Masculin', 3, 'Normal', '784-2699 Maecenas Ave', '1659', 'Castelvecchio di Rocca Barbena', '09 07 24 94 31', 'euismod.enim@odioAliquamvulputate.org', 'Française', 'Promotion', '2020-03-01', 2010, 2016, 7, 1, 'test.png', 0),
(144, 'Oleg', 'Unity', '0000-00-00', 'Feminin', 2, 'Normal', '398-9314 Consequat Rd.', '97979', 'Birmingham', '01 34 88 15 90', 'sodales.elit.erat@DonecegestasAliquam.co.uk', 'Française', 'Promotion', '2020-01-01', 2012, 2019, 6, 1, 'other.jpg', 0),
(145, 'Clark', 'Jordan', '0000-00-00', 'Masculin', 3, 'Normal', 'Ap #868-6006 Tincidunt Ave', '4845', 'Tarzo', '02 77 80 85 07', 'eu@neceuismod.co.uk', 'Française', 'Promotion', '2019-12-14', 2016, 2019, 5, 1, 'test.png', 0),
(146, 'Cedric', 'Aspen', '0000-00-00', 'Masculin', 1, 'Normal', '137-993 Gravida Street', '8979', 'Capestrano', '08 23 00 30 74', 'cursus@eratneque.ca', 'Française', 'Promotion', '2018-07-10', 2017, 2019, 7, 1, 'other.jpg', 0),
(147, 'Griffith', 'Alana', '0000-00-00', 'Feminin', 2, 'Normal', '683-1299 Nulla. Ave', '6045', 'St. Paul', '09 77 74 22 20', 'magna@non.org', 'Française', 'Promotion', '2020-02-14', 2016, 2018, 8, 1, 'other.jpg', 0),
(148, 'Felix', 'Sydney', '0000-00-00', 'Masculin', 3, 'Normal', 'Ap #799-1958 Fames St.', '0', 'Laino Castello', '06 55 03 30 52', 'nec.ante@nullaInteger.com', 'Française', 'Promotion', '2018-12-22', 2014, 2016, 2, 1, 'test.png', 0),
(149, 'Griffin', 'Kirestin', '0000-00-00', 'Masculin', 1, 'Normal', 'Ap #486-3332 Eu St.', '0', 'Mascalucia', '01 95 71 47 84', 'felis.adipiscing@NullafacilisisSuspendisse.org', 'Française', 'Promotion', '2020-02-04', 2011, 2019, 7, 1, 'other.jpg', 0),
(150, 'Alan', 'Lisandra', '0000-00-00', 'Masculin', 3, 'Normal', '875-7484 Nec, Rd.', '8879', 'Buguma', '01 50 81 66 20', 'lacus@velsapienimperdiet.org', 'Française', 'Promotion', '2019-02-17', 2012, 2016, 7, 1, 'test.png', 0),
(151, 'Ezra', 'Cecilia', '0000-00-00', 'Masculin', 1, 'Normal', '937-1135 Odio. Rd.', '3309', 'Essene', '07 86 65 41 43', 'ante.Maecenas@eterosProin.org', 'Française', 'Promotion', '2019-09-17', 2014, 2018, 1, 1, 'test.png', 0),
(152, 'Grady', 'Sade', '0000-00-00', 'Feminin', 2, 'Normal', '253-2055 Faucibus Avenue', '45434', 'Hattiesburg', '09 34 94 24 02', 'Donec@primisin.org', 'Française', 'Promotion', '2018-04-27', 2016, 2015, 1, 1, 'test.png', 0),
(153, 'Hedley', 'Wilma', '0000-00-00', 'Feminin', 1, 'Normal', 'P.O. Box 146, 9702 Ipsum Rd.', '84', 'Neeroeteren', '06 66 70 35 02', 'Aliquam.auctor.velit@netus.net', 'Française', 'Promotion', '2019-05-26', 2010, 2019, 2, 1, 'test.png', 0),
(154, 'Gage', 'Ella', '0000-00-00', 'Masculin', 1, 'Normal', '294-6953 Ornare Street', '55170', 'Telford', '05 11 49 29 41', 'natoque@utpharetrased.co.uk', 'Française', 'Promotion', '2019-11-29', 2009, 2015, 3, 1, 'other.jpg', 0),
(155, 'Vladimir', 'Clare', '0000-00-00', 'Feminin', 2, 'Normal', 'P.O. Box 668, 9975 Phasellus St.', '70209', 'Akhisar', '08 24 35 02 05', 'feugiat@in.net', 'Française', 'Promotion', '2019-04-19', 2012, 2018, 1, 1, 'test.png', 0),
(156, 'Jermaine', 'Zena', '0000-00-00', 'Masculin', 3, 'Normal', 'Ap #648-4774 Ante, Avenue', '1316', 'Ligney', '05 81 22 51 81', 'sit.amet@purus.org', 'Française', 'Promotion', '2019-02-18', 2013, 2018, 5, 1, 'test.png', 0),
(157, 'Griffith', 'Kylan', '0000-00-00', 'Masculin', 1, 'Normal', 'Ap #756-5853 Sociis Ave', '3529', 'Matamata', '01 72 72 51 08', 'Donec@sed.ca', 'Française', 'Promotion', '2020-01-23', 2016, 2017, 9, 1, 'other.jpg', 0),
(158, 'Magee', 'Noelle', '0000-00-00', 'Masculin', 2, 'Normal', 'P.O. Box 950, 4100 Non St.', '97905', 'Neuwied', '02 99 29 62 72', 'in@metussit.org', 'Française', 'Promotion', '2018-04-05', 2016, 2016, 2, 1, 'test.png', 0),
(159, 'Acton', 'Zenia', '0000-00-00', 'Feminin', 2, 'Normal', 'P.O. Box 306, 4264 Arcu. Street', '91376', 'Copertino', '07 63 07 17 79', 'consequat.dolor@metusIn.org', 'Française', 'Promotion', '2019-05-18', 2016, 2015, 1, 1, 'test.png', 0),
(160, 'Zane', 'Kalia', '0000-00-00', 'Masculin', 1, 'Normal', '172-3616 Sodales Street', '43707', 'Luttre', '01 33 33 09 43', 'adipiscing@arcuCurabiturut.ca', 'Française', 'Promotion', '2018-05-28', 2012, 2018, 8, 1, 'test.png', 0),
(161, 'Bruno', 'Athena', '0000-00-00', 'Masculin', 3, 'Normal', 'Ap #855-9411 Erat Rd.', '50977', 'Petit-Hallet', '04 97 30 85 00', 'tortor@Curabiturconsequatlectus.net', 'Française', 'Promotion', '2019-04-19', 2013, 2019, 4, 1, 'other.jpg', 0),
(162, 'Mason', 'Nola', '0000-00-00', 'Feminin', 1, 'Normal', '804-9483 Cras Road', '8176', 'Bonavista', '04 54 41 62 93', 'adipiscing@Fuscedolorquam.com', 'Française', 'Promotion', '2018-07-12', 2010, 2019, 10, 1, 'test.png', 0),
(163, 'Clarke', 'Destiny', '0000-00-00', 'Masculin', 2, 'Normal', 'P.O. Box 693, 4611 Tortor, Rd.', '75', '?skenderun', '04 86 99 13 47', 'mus.Donec@fermentumrisus.org', 'Française', 'Promotion', '2018-09-14', 2011, 2017, 6, 1, 'test.png', 0),
(164, 'Preston', 'Joy', '0000-00-00', 'Masculin', 1, 'Normal', 'Ap #580-1374 Donec Ave', '88886', 'Wellingborough', '08 62 70 93 03', 'vulputate@condimentum.net', 'Française', 'Promotion', '2018-09-18', 2009, 2015, 3, 1, 'test.png', 0),
(165, 'Lance', 'Leah', '0000-00-00', 'Feminin', 1, 'Normal', 'P.O. Box 255, 5395 Duis Rd.', '13270', 'Agen', '02 63 26 01 70', 'sem.ut.cursus@cursus.edu', 'Française', 'Promotion', '2019-02-09', 2014, 2019, 10, 1, 'test.png', 0),
(166, 'Austin', 'Sydney', '0000-00-00', 'Masculin', 1, 'Normal', '5268 Primis Ave', '19916', 'Turriff', '06 55 59 89 87', 'mus.Proin@elit.com', 'Française', 'Promotion', '2019-05-21', 2012, 2017, 4, 1, 'other.jpg', 0),
(167, 'Kane', 'Ayanna', '0000-00-00', 'Feminin', 1, 'Normal', '8355 Pellentesque Rd.', '7671', 'Schore', '07 36 96 85 15', 'ridiculus@euarcu.com', 'Française', 'Promotion', '2018-06-30', 2015, 2017, 3, 1, 'test.png', 0),
(168, 'Norman', 'Regina', '0000-00-00', 'Feminin', 3, 'Normal', '7039 Non, Av.', '58321', 'Spokane', '09 28 21 39 69', 'eros.Nam@sagittis.co.uk', 'Française', 'Promotion', '2019-02-05', 2016, 2015, 1, 1, 'other.jpg', 0),
(169, 'Forrest', 'Glenna', '0000-00-00', 'Masculin', 3, 'Normal', 'Ap #846-9507 Quis Av.', '0', 'Caprino Bergamasco', '09 55 28 77 65', 'Nulla@interdumfeugiatSed.edu', 'Française', 'Promotion', '2020-02-02', 2013, 2015, 8, 1, 'test.png', 0),
(170, 'Hall', 'Sarah', '0000-00-00', 'Feminin', 1, 'Normal', 'Ap #904-6921 Urna. Rd.', '1096', 'Curarrehue', '02 44 39 78 12', 'penatibus.et@dictumeuplacerat.ca', 'Française', 'Promotion', '2020-02-28', 2011, 2018, 1, 1, 'other.jpg', 0),
(171, 'Joseph', 'Lisandra', '0000-00-00', 'Masculin', 3, 'Normal', 'P.O. Box 845, 8334 Neque. Rd.', '40301', 'Meer', '07 91 55 80 40', 'Suspendisse.tristique@ligulaelitpretium.edu', 'Française', 'Promotion', '2018-11-02', 2014, 2018, 2, 1, 'other.jpg', 0),
(172, 'Omar', 'Yuri', '0000-00-00', 'Feminin', 2, 'Normal', 'P.O. Box 491, 5406 Lorem St.', '50117', 'Hoyerswerda', '08 21 37 29 21', 'dictum@nonlaciniaat.net', 'Française', 'Promotion', '2018-04-05', 2015, 2018, 4, 1, 'other.jpg', 0),
(173, 'Demetrius', 'Keiko', '0000-00-00', 'Masculin', 1, 'Normal', '637-1757 At, St.', '21104', 'Birecik', '09 71 48 72 10', 'nisl@leoVivamus.net', 'Française', 'Promotion', '2019-12-26', 2014, 2019, 7, 1, 'test.png', 0),
(174, 'Barry', 'Brenna', '0000-00-00', 'Feminin', 1, 'Normal', '5154 Mi Rd.', '21666', 'Bedollo', '04 35 88 73 10', 'scelerisque.scelerisque.dui@duisemperet.net', 'Française', 'Promotion', '2019-01-17', 2014, 2016, 10, 1, 'test.png', 0),
(175, 'Ashton', 'Kameko', '0000-00-00', 'Feminin', 2, 'Normal', '359 Rutrum St.', '6444', 'Veraval', '08 84 41 86 28', 'Fusce.mi@lobortisnisi.ca', 'Française', 'Promotion', '2019-11-12', 2010, 2018, 7, 1, 'test.png', 0),
(176, 'Connor', 'Zena', '0000-00-00', 'Feminin', 3, 'Normal', 'P.O. Box 905, 1296 Orci Road', '3244', 'Bolzano Vicentino', '06 18 15 33 72', 'sapien.Nunc@quis.edu', 'Française', 'Promotion', '2019-11-22', 2016, 2015, 3, 1, 'test.png', 0),
(177, 'Tobias', 'Anne', '0000-00-00', 'Feminin', 1, 'Normal', '627-1675 Praesent Street', '6', 'Victor Harbor', '05 81 05 81 80', 'porttitor.interdum@leo.co.uk', 'Française', 'Promotion', '2018-12-02', 2016, 2016, 2, 1, 'test.png', 0),
(178, 'Micah', 'Nerea', '0000-00-00', 'Feminin', 2, 'Normal', '9826 Nulla Rd.', '4407', 'San Pietro Avellana', '08 42 18 92 40', 'dui.quis.accumsan@facilisis.net', 'Française', 'Promotion', '2019-12-04', 2011, 2020, 3, 1, 'test.png', 0),
(179, 'Kevin', 'Zorita', '0000-00-00', 'Masculin', 3, 'Normal', 'Ap #166-2476 Justo Av.', '99809', 'Sint-Kruis-Winkel', '06 36 65 81 69', 'congue@velit.org', 'Française', 'Promotion', '2020-03-20', 2013, 2015, 10, 1, 'test.png', 0),
(180, 'Ferris', 'Madonna', '0000-00-00', 'Masculin', 3, 'Normal', 'P.O. Box 929, 6428 Tincidunt, Rd.', '3946', 'Liernu', '09 03 28 53 23', 'Donec.feugiat.metus@ipsum.edu', 'Française', 'Promotion', '2020-01-25', 2016, 2015, 5, 1, 'other.jpg', 0),
(181, 'Aquila', 'Abra', '0000-00-00', 'Masculin', 2, 'Normal', 'P.O. Box 138, 6356 Quisque Av.', '27197', 'Saint-Nazaire', '08 40 68 82 84', 'nisl.Maecenas@Crasvulputate.net', 'Française', 'Promotion', '2019-10-02', 2010, 2019, 6, 1, 'other.jpg', 0),
(182, 'Hunter', 'Mary', '0000-00-00', 'Feminin', 1, 'Normal', 'Ap #571-5812 Nullam Av.', '33918', 'Saint-Herblain', '02 15 98 55 97', 'aliquet.vel.vulputate@scelerisquescelerisque.ca', 'Française', 'Promotion', '2018-06-10', 2012, 2019, 1, 1, 'other.jpg', 0),
(183, 'Emerson', 'Isadora', '0000-00-00', 'Masculin', 1, 'Normal', '459-2841 A, Street', '58898', 'Torrevecchia Teatina', '01 74 07 15 71', 'Vivamus.sit.amet@Donecegestas.ca', 'Française', 'Promotion', '2019-12-21', 2010, 2017, 2, 1, 'other.jpg', 0),
(184, 'Gary', 'Alisa', '0000-00-00', 'Feminin', 1, 'Normal', '3987 Sociis Road', '8774', 'Wood Buffalo', '07 64 28 27 07', 'malesuada.id.erat@magnaDuis.edu', 'Française', 'Promotion', '2020-01-23', 2011, 2017, 7, 1, 'test.png', 0),
(185, 'Luke', 'Shea', '0000-00-00', 'Masculin', 3, 'Normal', '2083 In Av.', '30817', 'Covington', '07 62 77 45 45', 'Curabitur@ametanteVivamus.net', 'Française', 'Promotion', '2019-10-28', 2015, 2016, 3, 1, 'other.jpg', 0),
(186, 'Kaseem', 'Alana', '0000-00-00', 'Masculin', 2, 'Normal', '230-9716 Neque Av.', '9363', 'Tropea', '09 46 22 04 54', 'libero.mauris.aliquam@necluctus.org', 'Française', 'Promotion', '2019-08-17', 2015, 2015, 10, 1, 'other.jpg', 0),
(187, 'Cameron', 'Adele', '0000-00-00', 'Feminin', 1, 'Normal', 'Ap #473-4674 Lectus Street', '64077', 'Morwell', '05 31 82 86 58', 'non.nisi.Aenean@nec.edu', 'Française', 'Promotion', '2019-04-15', 2011, 2016, 9, 1, 'test.png', 0),
(188, 'Sebastian', 'Quail', '0000-00-00', 'Masculin', 2, 'Normal', '430-8484 Semper Ave', '4096', 'Lodelinsart', '07 76 10 10 26', 'Aliquam@egetmetus.co.uk', 'Française', 'Promotion', '2020-03-15', 2014, 2016, 6, 1, 'test.png', 0),
(189, 'Hyatt', 'Clare', '0000-00-00', 'Feminin', 2, 'Normal', '5098 Parturient St.', '53904', 'Meeffe', '02 71 83 73 96', 'diam@Duis.edu', 'Française', 'Promotion', '2018-11-02', 2016, 2015, 2, 1, 'other.jpg', 0),
(190, 'Armando', 'Quin', '0000-00-00', 'Masculin', 2, 'Normal', '491-8919 Aenean St.', '84108', 'LiŽge', '03 21 27 63 97', 'sodales.nisi@pedeCumsociis.net', 'Française', 'Promotion', '2019-11-21', 2016, 2018, 1, 1, 'test.png', 0),
(191, 'Prescott', 'Ora', '0000-00-00', 'Masculin', 2, 'Normal', '938-5229 Gravida Av.', '4271', 'Montreal', '03 51 05 53 49', 'consectetuer.adipiscing@laciniavitae.net', 'Française', 'Promotion', '2019-01-27', 2010, 2015, 5, 1, 'other.jpg', 0),
(192, 'Rashad', 'Katell', '0000-00-00', 'Masculin', 2, 'Normal', 'Ap #349-3799 Etiam Av.', '83547', 'Celle', '01 91 49 40 22', 'ac.turpis@elit.net', 'Française', 'Promotion', '2020-01-17', 2012, 2019, 2, 1, 'test.png', 0),
(193, 'Xanthus', 'Ariel', '0000-00-00', 'Feminin', 1, 'Normal', 'Ap #107-8175 Sagittis Street', '2536', 'Jaboatão dos Guararapes', '05 98 54 18 34', 'Aenean.sed@lorem.org', 'Française', 'Promotion', '2018-04-10', 2015, 2016, 10, 1, 'test.png', 0),
(194, 'Mannix', 'Naida', '0000-00-00', 'Feminin', 3, 'Normal', '460-2609 Cras Road', '1515', 'Penticton', '04 73 59 91 48', 'euismod.in@famesac.ca', 'Française', 'Promotion', '2020-02-28', 2009, 2018, 8, 1, 'test.png', 0),
(195, 'Jameson', 'Mikayla', '0000-00-00', 'Feminin', 1, 'Normal', '5981 Nonummy St.', '63771', 'Cheyenne', '07 09 34 87 02', 'Ut@ultriciesornare.co.uk', 'Française', 'Promotion', '2018-05-18', 2013, 2017, 8, 1, 'other.jpg', 0),
(196, 'Barclay', 'Hanae', '0000-00-00', 'Feminin', 3, 'Normal', '9795 Sed St.', '0', 'Termoli', '06 87 19 82 00', 'blandit@ultriciesdignissim.ca', 'Française', 'Promotion', '2020-03-14', 2013, 2016, 1, 1, 'test.png', 0),
(197, 'Clayton', 'Iris', '0000-00-00', 'Feminin', 1, 'Normal', 'Ap #154-3001 Pede. St.', '11858', 'Sheffield', '07 26 22 05 71', 'pharetra@Namporttitor.co.uk', 'Française', 'Promotion', '2019-10-09', 2015, 2015, 6, 1, 'test.png', 0),
(198, 'Burke', 'Risa', '0000-00-00', 'Feminin', 1, 'Normal', '1796 Ipsum Road', '9063', 'Berhampore', '04 28 04 53 41', 'neque.Nullam.ut@Phasellusnulla.ca', 'Française', 'Promotion', '2019-08-17', 2010, 2015, 5, 1, 'test.png', 0),
(199, 'Hammett', 'Nina', '0000-00-00', 'Feminin', 3, 'Normal', '2588 Nunc St.', '1320', 'Zignago', '08 11 79 60 57', 'gravida.nunc@lacus.edu', 'Française', 'Promotion', '2018-04-29', 2016, 2015, 3, 1, 'test.png', 0),
(200, 'Carlos', 'Quintessa', '0000-00-00', 'Masculin', 2, 'Normal', 'P.O. Box 186, 2914 Eleifend. St.', '3485', 'Chittoor', '07 59 91 65 60', 'pretium.neque.Morbi@ametluctusvulputate.co.uk', 'Française', 'Promotion', '2019-06-14', 2016, 2017, 10, 1, 'test.png', 0),
(201, 'Dennis', 'Hadley', '0000-00-00', 'Masculin', 1, 'Normal', '669-5683 Quis St.', '44568', 'Mogliano', '07 68 99 24 17', 'Sed.eu@nequepellentesquemassa.edu', 'Française', 'Promotion', '2020-03-05', 2012, 2018, 7, 1, 'other.jpg', 0),
(202, 'George', 'Kirestin', '0000-00-00', 'Masculin', 1, 'Normal', '505-851 Luctus St.', '2101', 'Westende', '01 16 12 03 94', 'magna.sed.dui@inconsectetuer.com', 'Française', 'Promotion', '2019-01-03', 2009, 2015, 1, 1, 'test.png', 0),
(203, 'Kato', 'Yoko', '2000-02-02', 'Masculin', 3, 'Normal', 'P.O. Box 378, 3064 Ridiculus St.', '0', 'Manoppello', '07 71 70 54 66', 'diam@amet.org', 'Française', 'Promotion', '2019-01-27', 2012, 2019, 9, 1, 'test.png', 0),
(204, 'Quamar', 'Sacha', '1999-07-25', 'Feminin', 2, 'Normal', 'P.O. Box 353, 7102 Egestas. Street', '26653', 'Kirkwall', '03 89 28 14 26', 'vitae.velit.egestas@ipsumsodales.net', 'Française', 'Promotion', '2019-12-07', 2009, 2016, 1, 1, 'test.png', 0),
(205, 'Maxwell', 'Angela', '1988-08-07', 'Feminin', 3, 'Normal', '409-1251 Lobortis. Rd.', '83528', 'College', '09 50 64 59 33', 'eget.magna@orciluctuset.com', 'Française', 'Promotion', '2019-06-11', 2013, 2019, 7, 1, 'test.png', 0),
(206, 'Davis', 'Ulla', '1997-05-16', 'Masculin', 2, 'Normal', '4531 Elit, Rd.', '62523', 'Sargodha', '04 18 11 10 17', 'Etiam.imperdiet@tellusAenean.com', 'Française', 'Promotion', '2019-05-16', 2017, 2019, 5, 1, 'test.png', 0),
(207, 'Duncan', 'Nerea', '1995-09-11', 'Masculin', 1, 'Normal', '3507 Mauris Av.', '75710', 'Nil-Saint-Vincent-Saint-Martin', '09 10 29 52 67', 'aliquam.eu.accumsan@diam.net', 'Française', 'Promotion', '2018-07-04', 2017, 2016, 6, 1, 'test.png', 0),
(208, 'Julian', 'Hilary', '2003-05-17', 'Feminin', 3, 'Normal', '9940 Commodo St.', '39896', 'Radicofani', '02 01 30 62 57', 'nibh.enim.gravida@utpharetrased.edu', 'Française', 'Promotion', '2019-01-22', 2015, 2018, 9, 1, 'test.png', 0),
(209, 'Perry', 'Joelle', '2000-09-08', 'Masculin', 1, 'Normal', '731-5673 Rutrum Rd.', '0', 'Viddalba', '06 99 13 34 61', 'ligula.eu@nonummyipsum.edu', 'Française', 'Promotion', '2018-12-13', 2014, 2018, 1, 1, 'other.jpg', 0),
(210, 'Shad', 'Zenia', '1990-11-25', 'Feminin', 3, 'Normal', '1251 Nibh. Rd.', '2389', 'Damme', '09 95 06 68 26', 'sociis.natoque@infelisNulla.org', 'Française', 'Promotion', '2018-05-10', 2009, 2018, 10, 1, 'test.png', 0),
(211, 'Todd', 'Mia', '2004-12-23', 'Masculin', 2, 'Normal', '860-7210 Sit Road', '342', 'Bo‘lhe', '08 69 20 53 96', 'orci.tincidunt@nibhenim.org', 'Française', 'Promotion', '2019-12-29', 2015, 2018, 2, 1, 'test.png', 0),
(212, 'Dante', 'Angela', '1997-06-15', 'Masculin', 2, 'Normal', '8298 Nunc. Ave', '4236', 'Morwell', '02 58 15 43 25', 'malesuada.fringilla@adipiscing.edu', 'Française', 'Promotion', '2020-02-13', 2014, 2017, 8, 1, 'other.jpg', 0);
INSERT INTO `licencie` (`numlicencie`, `nomlicencie`, `prenomlicencie`, `datedenaissance`, `sexelicencie`, `categorielicencie`, `positionlicencie`, `adr_licencie`, `adr_cp_licencie`, `adr_ville_licencie`, `tel_licencie`, `mail_licencie`, `nationnalite_licencie`, `classification_licencie`, `validite_CM`, `premiere_licence`, `annee_reprise`, `id_ClubLicencie`, `validation`, `photolicencie`, `nb_points`) VALUES
(213, 'Macaulay', 'Quynn', '1994-12-16', 'Feminin', 3, 'Normal', '208-9497 Etiam Road', '40025', 'Emden', '07 04 83 08 89', 'Morbi.metus.Vivamus@Duis.edu', 'Française', 'Promotion', '2019-08-24', 2014, 2015, 2, 1, 'other.jpg', 0),
(214, 'Knox', 'Blossom', '1988-12-29', 'Masculin', 1, 'Normal', 'Ap #966-2609 Commodo Ave', '12938', 'Cagnes-sur-Mer', '05 37 54 65 89', 'iaculis.quis.pede@nonluctus.net', 'Française', 'Promotion', '2018-06-09', 2010, 2020, 10, 1, 'other.jpg', 0),
(215, 'Aquila', 'Isadora', '2002-07-25', 'Masculin', 2, 'Normal', '723-5500 Urna, Rd.', '40150', 'Le Cannet', '07 76 87 24 51', 'magna@pellentesqueegetdictum.ca', 'Française', 'Promotion', '2019-11-21', 2015, 2017, 8, 1, 'other.jpg', 0),
(216, 'Nicholas', 'Lavinia', '1987-08-26', 'Masculin', 1, 'Normal', '497-3453 Sagittis Road', '71071', 'Gasp?', '08 47 82 19 41', 'mauris.Morbi@malesuada.edu', 'Française', 'Promotion', '2019-04-05', 2015, 2016, 7, 1, 'other.jpg', 0),
(217, 'Kirk', 'Uma', '1991-07-02', 'Masculin', 3, 'Normal', 'Ap #136-1880 Integer Ave', '0', 'Evesham', '02 02 61 22 28', 'quis@tristique.co.uk', 'Française', 'Promotion', '2019-04-26', 2014, 2015, 9, 1, 'test.png', 0),
(218, 'Jack', 'Casey', '2004-06-02', 'Feminin', 2, 'Normal', '4047 Et Rd.', '2223', 'Eckville', '08 06 69 74 30', 'Aenean.egestas@volutpatNullafacilisis.net', 'Française', 'Promotion', '2019-11-12', 2012, 2019, 6, 1, 'other.jpg', 0),
(219, 'Oscar', 'Rachel', '2004-05-04', 'Masculin', 2, 'Normal', 'P.O. Box 396, 2211 Nec, Street', '72937', 'Zwijndrecht', '04 46 16 05 00', 'amet@nec.org', 'Française', 'Promotion', '2020-01-05', 2016, 2018, 7, 1, 'other.jpg', 0),
(220, 'Moses', 'Haviva', '1989-08-04', 'Masculin', 3, 'Normal', '451-4322 Lorem St.', '73819', 'Pontey', '06 87 74 32 87', 'adipiscing.Mauris.molestie@parturient.co.uk', 'Française', 'Promotion', '2019-04-17', 2009, 2015, 7, 1, 'test.png', 0),
(221, 'Abel', 'Lareina', '1989-10-27', 'Feminin', 1, 'Normal', 'P.O. Box 640, 4496 Aliquet. St.', '6911', 'Biesme-sous-Thuin', '06 09 09 12 98', 'Nam.nulla@ultricesposuerecubilia.net', 'Française', 'Promotion', '2019-09-29', 2014, 2019, 2, 1, 'other.jpg', 0),
(222, 'Branden', 'Mollie', '1989-09-06', 'Feminin', 3, 'Normal', '4185 Rhoncus. Avenue', '39153', 'Clarksville', '01 74 72 84 72', 'diam@duiCraspellentesque.edu', 'Française', 'Promotion', '2019-02-14', 2012, 2017, 6, 1, 'test.png', 0),
(223, 'Knox', 'Josephine', '1998-08-06', 'Feminin', 1, 'Normal', 'Ap #183-9334 Donec Av.', '75724', 'Emines', '03 80 38 81 81', 'justo@enimnectempus.edu', 'Française', 'Promotion', '2019-05-11', 2013, 2015, 4, 1, 'other.jpg', 0),
(224, 'Coby', 'Madaline', '1998-05-09', 'Feminin', 2, 'Normal', '893-2203 Consectetuer, Rd.', '36185', 'Gualdo Tadino', '05 00 05 12 98', 'Nullam.nisl.Maecenas@ProinvelitSed.org', 'Française', 'Promotion', '2019-09-12', 2012, 2018, 8, 1, 'test.png', 0),
(225, 'Edan', 'Cora', '1998-07-22', 'Masculin', 2, 'Normal', 'Ap #848-1617 Vel, Street', '47901', 'Panjim', '05 61 86 01 16', 'a.ultricies.adipiscing@est.edu', 'Française', 'Promotion', '2018-12-19', 2015, 2015, 2, 1, 'other.jpg', 0),
(226, 'Zane', 'Bo', '1992-03-18', 'Feminin', 3, 'Normal', '337-5648 Ornare Ave', '52069', 'Andalo', '07 10 03 60 78', 'Nam.consequat@sed.com', 'Française', 'Promotion', '2019-04-25', 2010, 2016, 5, 1, 'other.jpg', 0),
(227, 'Ronan', 'Echo', '1994-01-21', 'Masculin', 1, 'Normal', 'P.O. Box 530, 8555 Tellus. Avenue', '2285', 'Silvassa', '01 20 17 12 21', 'ut@sapienmolestie.co.uk', 'Française', 'Promotion', '2019-08-09', 2010, 2015, 4, 1, 'other.jpg', 0),
(228, 'Hamilton', 'Dawn', '2005-01-02', 'Masculin', 3, 'Normal', 'P.O. Box 323, 3471 Ante St.', '9860', 'Saint Andr?', '06 59 90 29 42', 'fringilla.ornare@dui.co.uk', 'Française', 'Promotion', '2019-11-21', 2016, 2015, 5, 1, 'test.png', 0),
(229, 'Dolan', 'Kathleen', '1994-10-18', 'Feminin', 1, 'Normal', 'P.O. Box 258, 2870 Amet Rd.', '7304', 'Staßfurt', '09 44 16 42 18', 'Nam.consequat@Proin.edu', 'Française', 'Promotion', '2019-07-29', 2010, 2018, 4, 1, 'test.png', 0),
(230, 'Raymond', 'Shelley', '2004-04-02', 'Masculin', 2, 'Normal', 'P.O. Box 742, 7808 Mus. Road', '18102', 'Lauder', '06 11 33 83 57', 'ut.eros.non@Aliquam.ca', 'Française', 'Promotion', '2019-03-31', 2010, 2015, 10, 1, 'test.png', 0),
(231, 'Lee', 'Elaine', '1989-10-23', 'Feminin', 1, 'Normal', '7619 Euismod Rd.', '9335', 'Todi', '06 33 17 70 39', 'magna@Proinnon.org', 'Française', 'Promotion', '2019-02-02', 2016, 2018, 6, 1, 'other.jpg', 0),
(232, 'Palmer', 'Kelsie', '1989-11-19', 'Feminin', 2, 'Normal', '3652 Et Road', '52612', 'GŽrouville', '06 19 98 71 00', 'velit.Pellentesque.ultricies@interdum.co.uk', 'Française', 'Promotion', '2019-07-30', 2010, 2018, 8, 1, 'other.jpg', 0),
(233, 'Kermit', 'Buffy', '1997-05-20', 'Masculin', 1, 'Normal', 'P.O. Box 422, 9002 Nunc St.', '9564', 'Kasterlee', '05 43 81 32 41', 'Ut@Crasvehiculaaliquet.co.uk', 'Française', 'Promotion', '2019-10-15', 2016, 2017, 4, 1, 'test.png', 0),
(234, 'Keith', 'Kimberley', '1997-11-20', 'Feminin', 1, 'Normal', 'P.O. Box 639, 5038 Ipsum Avenue', '0', 'Banchory', '05 12 89 07 79', 'ipsum.Suspendisse.non@dapibusgravida.co.uk', 'Française', 'Promotion', '2018-03-28', 2013, 2015, 8, 1, 'test.png', 0),
(235, 'Luke', 'Mira', '1991-01-16', 'Masculin', 3, 'Normal', 'P.O. Box 860, 4698 Ullamcorper. Avenue', '47722', 'Opole', '03 13 64 04 09', 'lobortis.ultrices.Vivamus@auguemalesuadamalesuada.edu', 'Française', 'Promotion', '2018-05-02', 2012, 2018, 2, 1, 'test.png', 0),
(236, 'Reed', 'Cassidy', '1994-11-04', 'Feminin', 1, 'Normal', 'P.O. Box 950, 4464 Lectus Ave', '74785', 'Dampremy', '01 95 67 11 53', 'non.lobortis.quis@semmagna.net', 'Française', 'Promotion', '2018-06-10', 2010, 2019, 3, 1, 'other.jpg', 0),
(237, 'Edan', 'Petra', '1990-02-18', 'Feminin', 1, 'Normal', '1078 Dolor Rd.', '2708', 'Pastena', '09 13 72 36 21', 'vulputate.nisi@Curabituregestas.org', 'Française', 'Promotion', '2018-10-31', 2013, 2017, 9, 1, 'test.png', 0),
(238, 'Hamilton', 'Cally', '1996-03-22', 'Masculin', 2, 'Normal', 'P.O. Box 359, 751 Vulputate, Rd.', '58809', 'Frutillar', '03 37 87 74 81', 'dui.nec@Aliquamornare.ca', 'Française', 'Promotion', '2019-10-04', 2014, 2018, 5, 1, 'other.jpg', 0),
(239, 'Kevin', 'Florence', '1990-07-27', 'Feminin', 2, 'Normal', '349-8683 Lacus. Rd.', '79124', 'Crotta d\'Adda', '04 35 22 29 90', 'Aenean@posuerecubiliaCurae.edu', 'Française', 'Promotion', '2020-02-17', 2013, 2017, 7, 1, 'other.jpg', 0),
(240, 'Xenos', 'Signe', '2001-02-11', 'Feminin', 1, 'Normal', 'Ap #518-8073 Dolor. Av.', '1606', 'PiŽtrain', '08 57 61 86 91', 'sem@mattis.co.uk', 'Française', 'Promotion', '2019-08-23', 2014, 2019, 7, 1, 'test.png', 0),
(241, 'Simon', 'Briar', '1993-11-29', 'Masculin', 2, 'Normal', '973-879 Sit St.', '61319', 'Biez', '05 98 52 91 06', 'litora@tellusloremeu.org', 'Française', 'Promotion', '2019-08-13', 2016, 2015, 2, 1, 'other.jpg', 0),
(242, 'Nathaniel', 'Signe', '2000-09-20', 'Masculin', 3, 'Normal', '710-629 Cum Rd.', '9', 'Bon Accord', '05 81 79 45 52', 'vel@enim.net', 'Française', 'Promotion', '2019-05-09', 2016, 2016, 2, 1, 'test.png', 0),
(243, 'Cameron', 'Ginger', '1992-05-27', 'Masculin', 2, 'Normal', '439-6259 Id, Ave', '1685', 'Etroubles', '04 93 48 64 97', 'ultrices.Vivamus@Etiamlaoreet.edu', 'Française', 'Promotion', '2018-12-16', 2016, 2017, 3, 1, 'other.jpg', 0),
(244, 'Abbot', 'Danielle', '1997-08-08', 'Feminin', 1, 'Normal', '4011 Sed St.', '3244', 'Coimbatore', '01 42 62 17 15', 'litora@tristique.co.uk', 'Française', 'Promotion', '2019-07-21', 2010, 2019, 5, 1, 'test.png', 0),
(245, 'Edward', 'Yeo', '1993-02-07', 'Masculin', 2, 'Normal', '4058 Dapibus Street', '21', 'Brescia', '05 41 05 43 43', 'Nulla.facilisis.Suspendisse@nonlorem.org', 'Française', 'Promotion', '2018-04-08', 2015, 2016, 3, 1, 'other.jpg', 0),
(246, 'Wesley', 'Ramona', '1993-10-05', 'Feminin', 3, 'Normal', 'Ap #742-2901 Vitae Street', '78757', 'Mirzapur-cum-Vindhyachal', '08 53 15 32 42', 'vitae.purus.gravida@elementum.org', 'Française', 'Promotion', '2019-01-27', 2009, 2016, 10, 1, 'test.png', 0),
(247, 'Simon', 'Gay', '1999-09-17', 'Masculin', 2, 'Normal', 'Ap #765-7107 Vitae, Rd.', '82282', 'Hasselt', '09 84 73 79 41', 'congue@dolorelit.edu', 'Française', 'Promotion', '2019-08-09', 2016, 2017, 7, 1, 'other.jpg', 0),
(248, 'Castor', 'Martena', '1987-11-17', 'Feminin', 1, 'Normal', '2354 Ultrices Street', '66558', 'King Township', '09 91 38 02 84', 'ut@non.net', 'Française', 'Promotion', '2019-09-07', 2011, 2016, 1, 1, 'test.png', 0),
(249, 'Fuller', 'Giselle', '1991-07-17', 'Feminin', 1, 'Normal', 'Ap #505-3264 Gravida Rd.', '30766', 'San Pietro Avellana', '09 57 82 52 08', 'fames.ac.turpis@neque.net', 'Française', 'Promotion', '2019-08-22', 2010, 2015, 4, 1, 'test.png', 0),
(250, 'Ryan', 'Britanni', '1992-01-23', 'Feminin', 1, 'Normal', '606-1277 Elementum Street', '33238', 'Monceau-Imbrechies', '03 43 90 80 75', 'Cras.vulputate@enimcondimentumeget.com', 'Française', 'Promotion', '2018-10-22', 2014, 2019, 1, 1, 'other.jpg', 0),
(251, 'Hedley', 'Cameran', '2003-10-01', 'Masculin', 1, 'Normal', 'P.O. Box 306, 9234 Odio. Avenue', '63397', 'Charny', '09 64 02 93 50', 'netus@ultricies.ca', 'Française', 'Promotion', '2018-12-12', 2017, 2016, 7, 1, 'other.jpg', 0),
(252, 'Malachi', 'Yoko', '1996-05-17', 'Masculin', 3, 'Normal', '618-999 A, St.', '0', 'Midway', '06 83 42 60 01', 'a.enim@Quisque.ca', 'Française', 'Promotion', '2018-06-06', 2010, 2020, 2, 1, 'test.png', 0),
(253, 'Harrison', 'Tanisha', '1990-07-04', 'Feminin', 2, 'Normal', 'P.O. Box 556, 7657 Mi Ave', '6285', 'Gallodoro', '02 96 45 44 77', 'Nunc.quis.arcu@DonecegestasAliquam.ca', 'Française', 'Promotion', '2019-03-13', 2012, 2019, 3, 1, 'other.jpg', 0),
(254, 'Anthony', 'Dacey', '1987-07-05', 'Feminin', 1, 'Normal', 'Ap #696-8728 Quis Road', '30806', 'Goutroux', '02 35 49 70 99', 'elementum@arcuMorbisit.co.uk', 'Française', 'Promotion', '2018-09-12', 2009, 2016, 2, 1, 'other.jpg', 0),
(255, 'Bradley', 'Ina', '1991-02-25', 'Feminin', 2, 'Normal', '918-1354 Pretium Road', '0', 'Bodmin', '07 11 03 70 72', 'Quisque.varius@sedturpis.net', 'Française', 'Promotion', '2018-04-06', 2016, 2015, 7, 1, 'test.png', 0),
(256, 'Carl', 'Sarah', '2002-02-10', 'Feminin', 3, 'Normal', '527-3526 Sed St.', '4765', 'Ucluelet', '03 11 32 96 44', 'Cras.sed@Nunc.ca', 'Française', 'Promotion', '2018-10-08', 2014, 2015, 2, 1, 'other.jpg', 0),
(257, 'Oscar', 'Robin', '1998-10-13', 'Masculin', 2, 'Normal', 'P.O. Box 729, 9121 Magna Street', '56910', 'Robelmont', '05 91 88 24 15', 'at.sem@fermentumfermentumarcu.edu', 'Française', 'Promotion', '2018-12-25', 2009, 2018, 2, 1, 'other.jpg', 0),
(258, 'Noah', 'Eugenia', '1988-07-05', 'Feminin', 3, 'Normal', '7768 Tristique Ave', '49199', 'Port Moody', '01 58 41 49 84', 'nunc.est.mollis@pulvinar.co.uk', 'Française', 'Promotion', '2018-12-23', 2011, 2015, 10, 1, 'test.png', 0),
(259, 'Arthur', 'Anika', '1999-07-06', 'Feminin', 1, 'Normal', '9093 Risus. Rd.', '4169', 'Cabrero', '03 29 12 43 64', 'egestas.a@primis.co.uk', 'Française', 'Promotion', '2019-04-19', 2010, 2017, 4, 1, 'test.png', 0),
(260, 'Tyler', 'Pascale', '2004-06-01', 'Feminin', 1, 'Normal', 'Ap #543-9722 Donec St.', '2417', 'Arsimont', '03 60 49 08 85', 'Nulla@nec.com', 'Française', 'Promotion', '2019-01-09', 2011, 2016, 6, 1, 'test.png', 0),
(261, 'Denton', 'Iona', '1994-10-15', 'Feminin', 3, 'Normal', '3270 Ipsum Av.', '25439', 'Lakewood', '06 10 26 70 08', 'erat@accumsan.ca', 'Française', 'Promotion', '2019-03-29', 2009, 2017, 9, 1, 'test.png', 0),
(262, 'Lucian', 'Ariana', '2001-03-25', 'Masculin', 1, 'Normal', '9215 Tempor, Ave', '4263', 'San José de Maipo', '05 94 15 43 48', 'montes.nascetur.ridiculus@duinec.org', 'Française', 'Promotion', '2018-09-18', 2015, 2019, 10, 1, 'test.png', 0),
(263, 'Josiah', 'Yoko', '1991-09-02', 'Feminin', 2, 'Normal', '6183 Penatibus St.', '90801', 'Heusweiler', '04 74 03 56 12', 'erat@lobortis.co.uk', 'Française', 'Promotion', '2018-08-13', 2014, 2019, 1, 1, 'other.jpg', 0),
(264, 'Kareem', 'Suki', '1988-11-17', 'Masculin', 1, 'Normal', 'Ap #608-4959 Imperdiet Av.', '73863', 'Arvier', '06 59 68 45 83', 'neque.sed.sem@nibh.ca', 'Française', 'Promotion', '2018-08-12', 2009, 2018, 8, 1, 'test.png', 0),
(265, 'Norman', 'Freya', '1995-02-10', 'Masculin', 2, 'Normal', '799-8756 Rhoncus. Rd.', '9710', 'Duns', '02 39 04 20 90', 'volutpat@dictum.org', 'Française', 'Promotion', '2019-05-12', 2009, 2017, 9, 1, 'test.png', 0),
(266, 'Armando', 'Adara', '2003-09-10', 'Feminin', 1, 'Normal', '758-2380 Libero. Road', '3244', 'Sanquhar', '03 31 06 93 39', 'rhoncus.Proin@conubianostraper.edu', 'Française', 'Promotion', '2019-07-08', 2012, 2017, 6, 1, 'test.png', 0),
(267, 'Armand', 'Kerry', '1997-11-15', 'Masculin', 2, 'Normal', '7249 Sodales Avenue', '15710', 'Kuringen', '06 46 64 24 26', 'sociis@lorem.edu', 'Française', 'Promotion', '2019-04-14', 2017, 2016, 3, 1, 'other.jpg', 0),
(268, 'Fritz', 'Blair', '1997-02-09', 'Feminin', 1, 'Normal', '8280 Eu, Avenue', '87621', 'Acquasparta', '06 30 91 39 36', 'id.enim@vehiculaaliquet.com', 'Française', 'Promotion', '2019-05-19', 2015, 2020, 4, 1, 'other.jpg', 0),
(269, 'Brent', 'Orla', '1992-09-28', 'Feminin', 3, 'Normal', 'P.O. Box 298, 1259 Consequat St.', '9518', 'Lonquimay', '08 15 38 05 03', 'vitae@sodalesat.edu', 'Française', 'Promotion', '2018-09-04', 2013, 2015, 6, 1, 'other.jpg', 0),
(270, 'Clarke', 'Sade', '2004-05-30', 'Feminin', 1, 'Normal', '724-4963 Mi Street', '16541', 'Zeist', '03 33 05 52 43', 'vestibulum@anteblanditviverra.org', 'Française', 'Promotion', '2019-09-05', 2015, 2017, 8, 1, 'other.jpg', 0),
(271, 'Declan', 'Rhona', '1999-05-04', 'Masculin', 3, 'Normal', '6537 Sed St.', '51211', 'Schwalbach', '05 43 53 04 82', 'lectus.sit.amet@Cum.org', 'Française', 'Promotion', '2019-02-07', 2012, 2016, 3, 1, 'other.jpg', 0),
(272, 'Griffin', 'Ursa', '1994-03-11', 'Masculin', 3, 'Normal', '9359 Odio. Road', '25517', 'Suarlee', '08 28 28 11 14', 'pellentesque.tellus@consectetuermaurisid.com', 'Française', 'Promotion', '2019-03-15', 2014, 2019, 8, 1, 'test.png', 0),
(273, 'Kenneth', 'Charissa', '1996-02-13', 'Feminin', 3, 'Normal', 'Ap #723-3012 Phasellus St.', '83937', 'Bargagli', '07 67 19 91 26', 'Quisque.imperdiet.erat@nuncsedpede.ca', 'Française', 'Promotion', '2018-09-24', 2010, 2015, 7, 1, 'test.png', 0),
(274, 'Demetrius', 'Samantha', '2004-09-12', 'Masculin', 1, 'Normal', '703-4006 Magna. Rd.', '0', 'Pöttsching', '07 62 91 90 78', 'molestie.in.tempus@parturientmontesnascetur.co.uk', 'Française', 'Promotion', '2019-04-25', 2012, 2018, 4, 1, 'test.png', 0),
(275, 'Hakeem', 'Gisela', '2003-07-01', 'Feminin', 3, 'Normal', 'P.O. Box 840, 4315 In St.', '70057', 'Castel di Tora', '03 99 15 01 62', 'enim.mi@rhoncusDonec.co.uk', 'Française', 'Promotion', '2018-11-25', 2016, 2017, 5, 1, 'test.png', 0),
(276, 'Lucius', 'Lynn', '1995-05-07', 'Masculin', 1, 'Normal', '914-6681 Ac Av.', '29268', 'Caprauna', '03 30 36 59 31', 'et@temporloremeget.net', 'Française', 'Promotion', '2018-05-21', 2013, 2017, 5, 1, 'other.jpg', 0),
(277, 'Bert', 'Ori', '1994-12-29', 'Masculin', 3, 'Normal', '194-5235 Ullamcorper, Ave', '59619', 'Donosti', '05 70 40 77 00', 'Nullam.enim.Sed@ipsumcursus.ca', 'Française', 'Promotion', '2018-10-17', 2011, 2018, 9, 1, 'other.jpg', 0),
(278, 'Dillon', 'Flavia', '1991-06-19', 'Masculin', 3, 'Normal', '568-7261 Tincidunt Rd.', '40545', 'Dutse', '09 74 79 07 11', 'cursus.non.egestas@molestie.org', 'Française', 'Promotion', '2018-07-10', 2015, 2017, 3, 1, 'other.jpg', 0),
(279, 'Ira', 'Tashya', '2003-03-06', 'Feminin', 1, 'Normal', 'Ap #701-2061 Odio. Avenue', '0', 'Nandyal', '02 44 31 04 40', 'consectetuer.cursus.et@purus.edu', 'Française', 'Promotion', '2019-02-16', 2017, 2019, 6, 1, 'test.png', 0),
(280, 'Baxter', 'Amethyst', '2003-08-24', 'Masculin', 1, 'Normal', 'Ap #869-4870 Lorem Avenue', '53', 'Leganés', '07 40 05 09 46', 'lobortis.quis@lobortisauguescelerisque.com', 'Française', 'Promotion', '2019-11-22', 2012, 2020, 3, 1, 'other.jpg', 0),
(281, 'Adrian', 'Molly', '1989-12-10', 'Feminin', 2, 'Normal', 'P.O. Box 842, 3156 Et Av.', '7730', 'Sint-Amandsberg', '04 08 71 99 67', 'iaculis.quis@ametluctusvulputate.edu', 'Française', 'Promotion', '2018-07-27', 2012, 2016, 10, 1, 'other.jpg', 0),
(282, 'Nehru', 'Allegra', '1996-09-09', 'Feminin', 1, 'Normal', '627-1297 Placerat, Avenue', '22568', 'Duncan', '02 61 63 38 49', 'dictum.augue.malesuada@sociisnatoquepenatibus.co.uk', 'Française', 'Promotion', '2020-01-02', 2016, 2015, 8, 1, 'test.png', 0),
(283, 'Neil', 'Carolyn', '2001-11-21', 'Masculin', 1, 'Normal', '7391 Ligula. St.', '21003', 'Fort Wayne', '01 87 32 06 36', 'velit@nuncsit.ca', 'Française', 'Promotion', '2019-12-13', 2013, 2018, 7, 1, 'test.png', 0),
(284, 'Keegan', 'Clio', '2004-01-02', 'Feminin', 2, 'Normal', 'P.O. Box 932, 3482 Nulla. Ave', '0', 'Mobile', '06 06 82 62 95', 'molestie@est.co.uk', 'Française', 'Promotion', '2019-10-24', 2009, 2017, 6, 1, 'other.jpg', 0),
(285, 'Wade', 'Hilary', '1991-02-06', 'Masculin', 3, 'Normal', 'P.O. Box 206, 2315 Mattis. Ave', '65581', 'Wekweti', '01 94 47 95 87', 'volutpat@gravida.com', 'Française', 'Promotion', '2019-05-20', 2016, 2017, 10, 1, 'other.jpg', 0),
(286, 'Neil', 'Charlotte', '2001-10-22', 'Feminin', 1, 'Normal', 'Ap #452-124 Metus. Ave', '6735', 'Ponsacco', '04 96 66 29 34', 'Pellentesque@egestasascelerisque.org', 'Française', 'Promotion', '2018-07-08', 2013, 2017, 6, 1, 'other.jpg', 0),
(287, 'Hasad', 'Sybil', '1996-10-31', 'Feminin', 2, 'Normal', '903-3191 Lobortis St.', '10467', 'Colmar', '07 31 96 42 23', 'diam.luctus@nonlobortisquis.ca', 'Française', 'Promotion', '2019-10-31', 2017, 2018, 5, 1, 'test.png', 0),
(288, 'Zachary', 'Brenda', '1988-05-25', 'Feminin', 3, 'Normal', 'P.O. Box 555, 3061 Enim, St.', '88134', 'Tufara', '01 05 53 74 48', 'Fusce.mi@eu.co.uk', 'Française', 'Promotion', '2019-09-11', 2010, 2017, 6, 1, 'other.jpg', 0),
(289, 'Kuame', 'Desiree', '1996-07-05', 'Masculin', 1, 'Normal', 'Ap #451-5246 Quam Rd.', '0', 'Thorembais-les-BŽguines', '07 82 37 33 05', 'lorem.luctus.ut@magna.com', 'Française', 'Promotion', '2020-01-04', 2014, 2015, 4, 1, 'test.png', 0),
(290, 'Hoyt', 'Mary', '1991-04-02', 'Feminin', 1, 'Normal', '3387 Leo. Ave', '0', 'Hamilton', '09 65 84 86 21', 'Suspendisse@lorem.com', 'Française', 'Promotion', '2019-06-04', 2012, 2018, 4, 1, 'other.jpg', 0),
(291, 'Hamilton', 'Marah', '1999-04-20', 'Masculin', 2, 'Normal', '712-4763 Pellentesque, Ave', '70504', 'Price', '08 98 00 38 85', 'nec.luctus.felis@sapiencursusin.org', 'Française', 'Promotion', '2019-09-18', 2009, 2019, 8, 1, 'test.png', 0),
(292, 'Hyatt', 'Raven', '1994-08-29', 'Feminin', 2, 'Normal', 'P.O. Box 539, 9921 Auctor Ave', '6639', 'Neufeld an der Leitha', '09 00 64 14 73', 'amet.ornare.lectus@Donecfeugiatmetus.net', 'Française', 'Promotion', '2019-03-16', 2011, 2015, 10, 1, 'test.png', 0),
(293, 'Carson', 'Briar', '2001-07-14', 'Masculin', 2, 'Normal', 'P.O. Box 598, 5267 Eu Rd.', '0', 'Appelterre-Eichem', '08 92 52 08 96', 'rhoncus.Nullam.velit@dignissimmagna.com', 'Française', 'Promotion', '2019-03-06', 2014, 2015, 8, 1, 'other.jpg', 0),
(294, 'Leo', 'Sybill', '2000-11-25', 'Masculin', 3, 'Normal', '903-9982 Sapien, Road', '24224', 'Frankfort', '02 42 74 15 32', 'ut.quam.vel@enim.com', 'Française', 'Promotion', '2018-04-20', 2016, 2016, 10, 1, 'other.jpg', 0),
(295, 'Tiger', 'Nell', '1997-11-21', 'Feminin', 2, 'Normal', '7894 Orci. Ave', '9422', 'Blankenfelde-Mahlow', '04 24 42 28 25', 'dapibus.id.blandit@iderat.ca', 'Française', 'Promotion', '2019-09-04', 2010, 2017, 7, 1, 'test.png', 0),
(296, 'Ulysses', 'Samantha', '1998-06-09', 'Feminin', 1, 'Normal', '6146 Adipiscing Ave', '8257', 'Gressoney-Saint-Jean', '02 81 98 33 73', 'sed.libero.Proin@egetvariusultrices.ca', 'Française', 'Promotion', '2018-08-20', 2016, 2018, 1, 1, 'other.jpg', 0),
(297, 'Garrison', 'Alyssa', '1998-03-23', 'Masculin', 3, 'Normal', '3557 Mauris. Avenue', '16053', 'Osorno', '05 77 51 10 15', 'nec@loremtristiquealiquet.com', 'Française', 'Promotion', '2019-05-30', 2011, 2017, 6, 1, 'other.jpg', 0),
(298, 'Timon', 'Mariko', '2001-06-16', 'Masculin', 2, 'Normal', '791-6302 Est, St.', '44573', 'Macul', '05 09 35 31 87', 'ultrices.a.auctor@nullamagna.ca', 'Française', 'Promotion', '2019-08-05', 2015, 2015, 10, 1, 'other.jpg', 0),
(299, 'Gage', 'Maisie', '1988-02-23', 'Masculin', 1, 'Normal', '753-8272 In Rd.', '23392', 'Afsnee', '07 39 00 91 53', 'magna.a.tortor@nisisem.ca', 'Française', 'Promotion', '2018-10-25', 2009, 2015, 9, 1, 'other.jpg', 0),
(300, 'Hilel', 'Candice', '1992-11-28', 'Masculin', 3, 'Normal', 'P.O. Box 866, 4832 Sem Avenue', '22953', 'Wimbledon', '06 34 61 73 36', 'enim.nisl.elementum@nequesedsem.net', 'Française', 'Promotion', '2019-02-01', 2013, 2020, 7, 1, 'other.jpg', 0),
(301, 'Dominic', 'Vera', '1991-01-08', 'Masculin', 1, 'Normal', 'Ap #995-3459 A Ave', '0', 'Louth', '09 46 92 78 00', 'tincidunt.neque@dapibus.ca', 'Française', 'Promotion', '2018-11-05', 2010, 2017, 7, 1, 'test.png', 0),
(302, 'Dylan', 'Keiko', '1995-11-30', 'Masculin', 1, 'Normal', 'P.O. Box 163, 2334 Eleifend St.', '85738', 'Preore', '03 08 29 61 84', 'Maecenas.mi.felis@tortorInteger.org', 'Française', 'Promotion', '2019-12-29', 2014, 2019, 1, 1, 'test.png', 0),
(303, 'test', 'procedure', '1212-12-12', 'Masculin', 1, 'pos', 'rue', '23569', 'ville', '0321548569', 'email@mail.fr', 'Française', 'Normal', '1232-12-12', 2019, 2019, 2, 1, '303.png', 0),
(304, 'test', 'procedure', '1212-12-12', 'Masculin', 1, 'pos', 'rue', '23569', 'ville', '0321548569', 'email@mail.fr', 'Française', 'Normal', '1232-12-12', 2019, 2019, 17, 1, 'null', 0),
(305, 'test', 'procedure', '1212-12-12', 'Masculin', 1, 'pos', 'rue', '23569', 'ville', '0321548569', 'email@mail.fr', 'Française', 'Normal', '1232-12-12', 2019, 2019, 17, 1, 'null', 0),
(306, 'test', 'procedure', '1212-12-12', 'Masculin', 1, 'pos', 'rue', '23569', 'ville', '0321548569', 'email@mail.fr', 'Française', 'Normal', '1232-12-12', 2019, 2019, 17, 1, '306.png', 0),
(307, 'Ousselin', 'Aymeric', '1998-03-26', 'Masculin', 1, 'blabla', 'vjjh', '62170', 'hfyvhj', '0630145748', 'vgcvhbjkjkhv@jh.com', 'hffh', 'ftdfyguhi', '2019-05-01', 2019, 2019, 2, 1, '307.png', 0),
(309, 'egegegegege', 'jkv', NULL, 'Feminin', 1, NULL, NULL, NULL, NULL, NULL, NULL, NULL, NULL, NULL, NULL, NULL, 1, NULL, NULL, 0);

-- --------------------------------------------------------

--
-- Structure de la table `matchconcours`
--

DROP TABLE IF EXISTS `matchconcours`;
CREATE TABLE IF NOT EXISTS `matchconcours` (
  `id_match` int(11) NOT NULL AUTO_INCREMENT,
  `IdConcours` int(11) NOT NULL,
  `IdEquipe1` int(11) NOT NULL,
  `IdEquipe2` int(11) NOT NULL,
  `equipeGagnante` int(11) DEFAULT NULL,
  `equipePerdante` int(11) DEFAULT NULL,
  `tour` int(11) NOT NULL,
  PRIMARY KEY (`id_match`),
  KEY `FK_matchConcours_Concours` (`IdConcours`),
  KEY `FK_matchConcours_IdEquipe1` (`IdEquipe1`),
  KEY `FK_matchConcours_IdEquipe2` (`IdEquipe2`)
) ENGINE=InnoDB AUTO_INCREMENT=55 DEFAULT CHARSET=utf8mb4;

--
-- Déchargement des données de la table `matchconcours`
--

INSERT INTO `matchconcours` (`id_match`, `IdConcours`, `IdEquipe1`, `IdEquipe2`, `equipeGagnante`, `equipePerdante`, `tour`) VALUES
(11, 15, 9, 11, 11, 9, 1),
(12, 15, 7, 8, 7, 8, 1),
(13, 15, 6, 10, 6, 10, 1),
(14, 15, 12, 12, 12, 12, 1),
(15, 15, 11, 7, 7, 11, 2),
(16, 15, 12, 6, 12, 6, 2),
(17, 15, 12, 7, 12, 7, 3),
(18, 17, 14, 15, 14, 15, 1),
(19, 17, 13, 16, 13, 16, 1),
(20, 17, 17, 17, 17, 17, 1),
(21, 17, 17, 14, 17, 14, 2),
(22, 17, 13, 13, 13, 13, 2),
(23, 17, 17, 13, 13, 17, 3),
(36, 19, 31, 31, 31, 31, 12),
(37, 25, 33, 32, 33, 32, 1),
(38, 25, 33, 33, 33, 33, 2),
(39, 25, 33, 33, 33, 33, 3),
(40, 25, 33, 33, 33, 33, 4),
(41, 25, 33, 33, 33, 33, 5),
(42, 25, 33, 33, 33, 33, 6),
(43, 25, 33, 33, 33, 33, 7),
(44, 25, 33, 33, 33, 33, 8),
(45, 25, 33, 33, 33, 33, 9),
(46, 25, 33, 33, 33, 33, 10),
(47, 25, 33, 33, 33, 33, 11),
(48, 25, 33, 33, 33, 33, 12),
(49, 26, 39, 34, 39, 34, 1),
(50, 26, 37, 35, 35, 37, 1),
(51, 26, 38, 36, 36, 38, 1),
(52, 26, 35, 36, 36, 35, 2),
(53, 26, 39, 39, 39, 39, 2),
(54, 26, 39, 36, 36, 39, 3);

--
-- Contraintes pour les tables déchargées
--

--
-- Contraintes pour la table `concours`
--
ALTER TABLE `concours`
  ADD CONSTRAINT `FK_concours_categorie` FOREIGN KEY (`categorie`) REFERENCES `categorie` (`id`),
  ADD CONSTRAINT `FK_concours_club_org` FOREIGN KEY (`club_org`) REFERENCES `club` (`numAffiliation_Club`),
  ADD CONSTRAINT `FK_concours_id_grille` FOREIGN KEY (`id_grille`) REFERENCES `grille` (`id_grille`);

--
-- Contraintes pour la table `connexion`
--
ALTER TABLE `connexion`
  ADD CONSTRAINT `FK_connexion_id_club` FOREIGN KEY (`id_club`) REFERENCES `club` (`numAffiliation_Club`);

--
-- Contraintes pour la table `equipe`
--
ALTER TABLE `equipe`
  ADD CONSTRAINT `FK_equipe_concours` FOREIGN KEY (`IdConcours`) REFERENCES `concours` (`id_concours`);

--
-- Contraintes pour la table `joueursequipe`
--
ALTER TABLE `joueursequipe`
  ADD CONSTRAINT `FK_joueursEquipe_IdEquipe` FOREIGN KEY (`id_equipe`) REFERENCES `equipe` (`id_equipe`) ON DELETE CASCADE,
  ADD CONSTRAINT `FK_joueursEquipe_numLicencie` FOREIGN KEY (`numLicencie`) REFERENCES `licencie` (`numlicencie`);

--
-- Contraintes pour la table `licencie`
--
ALTER TABLE `licencie`
  ADD CONSTRAINT `FK_Licencie_categorie` FOREIGN KEY (`categorielicencie`) REFERENCES `categorie` (`id`),
  ADD CONSTRAINT `FK_licencie_id_club` FOREIGN KEY (`id_ClubLicencie`) REFERENCES `club` (`numAffiliation_Club`);

--
-- Contraintes pour la table `matchconcours`
--
ALTER TABLE `matchconcours`
  ADD CONSTRAINT `FK_matchConcours_Concours` FOREIGN KEY (`IdConcours`) REFERENCES `concours` (`id_concours`),
  ADD CONSTRAINT `FK_matchConcours_IdEquipe1` FOREIGN KEY (`IdEquipe1`) REFERENCES `equipe` (`id_equipe`),
  ADD CONSTRAINT `FK_matchConcours_IdEquipe2` FOREIGN KEY (`IdEquipe2`) REFERENCES `equipe` (`id_equipe`);
COMMIT;

/*!40101 SET CHARACTER_SET_CLIENT=@OLD_CHARACTER_SET_CLIENT */;
/*!40101 SET CHARACTER_SET_RESULTS=@OLD_CHARACTER_SET_RESULTS */;
/*!40101 SET COLLATION_CONNECTION=@OLD_COLLATION_CONNECTION */;
